,Rk,Name,To Team,From Team,Age,WAR3,Yrs,G,AB,R,H,HR,RBI,SB,BB,BA,OBP,SLG,OPS,W,L,ERA,WHIP,G.1,GS,SV,IP,H.1,HR.1,BB.1,SO,Date
0,1,Jayson Nix\nixja01,Tampa Bay Rays,NYY,31,1.1,6,425.0,1222.0,141.0,267.0,37.0,126.0,35.0,105.0,0.218,0.29,0.358,0.647,,,,,,,,,,,,,2014
1,2,Lou Marson\marsolo01,Cincinnati Reds,CLE,28,0.9,6,261.0,768.0,93.0,168.0,5.0,60.0,16.0,98.0,0.21899999999999997,0.309,0.299,0.609,,,,,,,,,,,,,2014
2,3,Dustin Richardson\richadu02,Los Angeles Angels of Anaheim,LAA,30,,4,,,,,,,,,,,,,,,,,,,,,,,,,2014
3,4,Sandy Rosario\rosarsa02,San Francisco Giants,SFG,28,0.2,4,49.0,1.0,0.0,0.0,0.0,0.0,0.0,0.0,0.0,0.0,0.0,0.0,3.0,2.0,4.93,1.682,53.0,0.0,0.0,49.1,60.0,3.0,23.0,28.0,2014
4,5,Adam Russell\russead01,Cincinnati Reds,BAL,31,0.2,5,,,,,,,,,,,,,,,,,,,,,,,,,2014
5,6,Tim Dillard\dillati01,Milwaukee Brewers,MIL,30,0.1,5,,,,,,,,,,,,,,,,,,,,,,,,,2014
6,7,Tony Sipp\sippto01,Houston Astros,ARI,30,1.0,5,61.0,0.0,0.0,0.0,0.0,0.0,0.0,0.0,,,,,14.0,9.0,3.84,1.298,304.0,0.0,2.0,258.0,202.0,42.0,133.0,267.0,2014
7,8,Mitch Maier\maiermi01,Kansas City Royals,BOS,32,0.2,7,,,,,,,,,,,,,,,,,,,,,,,,,2014
8,9,Brian Bixler\bixlebr01,San Diego Padres,NYM,31,-0.3,5,,,,,,,,,,,,,,,,,,,,,,,,,2014
9,10,Travis Ishikawa\ishiktr01,San Francisco Giants,CHW,30,0.1,6,382.0,774.0,99.0,201.0,19.0,111.0,3.0,67.0,0.26,0.324,0.39799999999999996,0.721,,,,,,,,,,,,,2014
10,11,Ryan Rowland-Smith\rowlary01,Toronto Blue Jays,BOS,31,,4,6.0,4.0,0.0,0.0,0.0,0.0,0.0,0.0,0.0,0.0,0.0,0.0,12.0,17.0,4.57,1.42,115.0,47.0,2.0,362.2,381.0,51.0,134.0,220.0,2014
11,12,Simon Castro\castrsi01,Colorado Rockies,CHW,26,0.2,1,1.0,0.0,0.0,0.0,0.0,0.0,0.0,0.0,,,,,0.0,1.0,2.7,1.2,4.0,0.0,0.0,6.2,5.0,1.0,3.0,6.0,2014
12,13,Sam Fuld\fuldsa01,Minnesota Twins,TBR,32,2.2,6,365.0,713.0,103.0,167.0,6.0,54.0,37.0,80.0,0.23399999999999999,0.314,0.33,0.643,0.0,0.0,0.0,0.0,1.0,0.0,0.0,0.1,0.0,0.0,0.0,0.0,2014
13,14,Rafael Betancourt\betanra01,Colorado Rockies,COL,39,4.4,11,271.0,1.0,0.0,0.0,0.0,0.0,0.0,0.0,0.0,0.0,0.0,0.0,36.0,33.0,3.19,1.091,635.0,0.0,74.0,646.1,553.0,67.0,152.0,684.0,2014
14,15,Adam Loewen\loewead01,Philadelphia Phillies,TOR,30,-0.2,4,15.0,34.0,4.0,6.0,1.0,4.0,0.0,3.0,0.17600000000000002,0.282,0.294,0.5760000000000001,8.0,8.0,5.38,1.64,35.0,29.0,0.0,164.0,163.0,14.0,106.0,134.0,2014
15,16,Doug Mathis\mathido01,Tampa Bay Rays,PIT,31,,5,,,,,,,,,,,,,,,,,,,,,,,,,2014
16,17,Frank Francisco\francfr01,Chicago White Sox,NYM,34,0.5,9,79.0,0.0,0.0,0.0,0.0,0.0,0.0,0.0,,,,,20.0,22.0,3.93,1.3219999999999998,387.0,0.0,73.0,382.2,337.0,39.0,169.0,421.0,2014
17,18,Gorkys Hernandez\hernago01,Chicago White Sox,KCR,26,-0.7,1,70.0,156.0,18.0,30.0,3.0,13.0,7.0,13.0,0.192,0.267,0.301,0.569,,,,,,,,,,,,,2014
18,19,Kameron Loe\loeka01,Kansas City Royals,ATL,32,-1.1,9,209.0,6.0,1.0,1.0,0.0,0.0,0.0,1.0,0.16699999999999998,0.28600000000000003,0.16699999999999998,0.452,34.0,43.0,4.49,1.439,322.0,48.0,4.0,569.0,635.0,63.0,184.0,357.0,2014
19,20,Tommy Hanson\hansoto01,Chicago White Sox,LAA,27,-1.1,5,102.0,187.0,5.0,11.0,0.0,5.0,0.0,5.0,0.059000000000000004,0.083,0.059000000000000004,0.142,49.0,35.0,3.8,1.2819999999999998,123.0,121.0,0.0,708.0,659.0,78.0,249.0,648.0,2014
20,21,Ryan Roberts\roberry01,Boston Red Sox,TBR,33,3.9,8,510.0,1481.0,204.0,363.0,46.0,169.0,35.0,163.0,0.245,0.321,0.392,0.713,,,,,,,,,,,,,2014
21,22,Chris Nelson\nelsoch01,Cincinnati Reds,LAA,28,-2.2,4,255.0,761.0,91.0,204.0,16.0,93.0,8.0,48.0,0.268,0.312,0.39899999999999997,0.7120000000000001,,,,,,,,,,,,,2014
22,23,Micah Owings\owingmi01,Miami Marlins,MIL,31,0.4,6,,,,,,,,,,,,,,,,,,,,,,,,,2014
23,24,Niuman Romero\romerni01,Baltimore Orioles,BAL,29,,4,,,,,,,,,,,,,,,,,,,,,,,,,2014
24,25,Clay Rapada\rapadcl01,Seattle Mariners,CLE,33,0.8,7,12.0,0.0,0.0,0.0,0.0,0.0,0.0,0.0,,,,,8.0,0.0,4.06,1.3659999999999999,152.0,0.0,0.0,93.0,76.0,10.0,51.0,82.0,2014
25,26,Mitchell Boggs\boggsmi01,Chicago White Sox,COL,30,0.8,6,232.0,27.0,1.0,1.0,0.0,0.0,0.0,0.0,0.037000000000000005,0.037000000000000005,0.07400000000000001,0.111,13.0,15.0,4.12,1.462,241.0,15.0,6.0,316.2,319.0,27.0,144.0,233.0,2014
26,27,Ronny Cedeno\cedenro02,Philadelphia Phillies,SDP,31,1.1,9,868.0,2556.0,265.0,629.0,40.0,239.0,39.0,146.0,0.24600000000000002,0.289,0.354,0.644,,,,,,,,,,,,,2014
27,28,Alfredo Aceves\aceveal01,New York Yankees,BOS,31,1.6,6,12.0,2.0,0.0,0.0,0.0,0.0,0.0,0.0,0.0,0.0,0.0,0.0,30.0,14.0,3.69,1.205,194.0,15.0,29.0,361.0,310.0,42.0,125.0,266.0,2014
28,29,Aaron Laffey\laffeaa01,Washington Nationals,MIL,29,0.4,7,9.0,7.0,0.0,1.0,0.0,0.0,0.0,0.0,0.14300000000000002,0.14300000000000002,0.14300000000000002,0.28600000000000003,25.0,29.0,4.45,1.52,153.0,68.0,1.0,487.0,544.0,47.0,196.0,242.0,2014
29,30,Scott Baker\bakersc02,Texas Rangers,CHC,32,4.5,8,14.0,28.0,1.0,3.0,0.0,0.0,0.0,0.0,0.107,0.107,0.14300000000000002,0.25,63.0,48.0,4.14,1.258,166.0,162.0,0.0,973.0,996.0,126.0,228.0,776.0,2014
30,31,Erik Bedard\bedarer01,Tampa Bay Rays,HOU,35,1.7,10,34.0,60.0,2.0,9.0,0.0,1.0,0.0,2.0,0.15,0.177,0.16699999999999998,0.344,67.0,76.0,3.94,1.3530000000000002,224.0,215.0,1.0,1228.0,1158.0,121.0,504.0,1182.0,2014
31,32,Mike Fontenot\fontemi01,Tampa Bay Rays,TBR,34,0.5,8,,,,,,,,,,,,,,,,,,,,,,,,,2014
32,33,Mike Gonzalez\gonzami02,Washington Nationals,MIL,36,0.1,11,408.0,3.0,0.0,1.0,0.0,2.0,0.0,0.0,0.33299999999999996,0.33299999999999996,0.667,1.0,17.0,24.0,3.14,1.296,509.0,0.0,56.0,444.1,371.0,42.0,205.0,511.0,2014
33,34,Jerad Head\headje01,Cleveland Indians,WSN,31,0.0,2,,,,,,,,,,,,,,,,,,,,,,,,,2014
34,35,Chris Young\youngch03,Seattle Mariners,WSN,35,2.0,9,117.0,201.0,10.0,29.0,1.0,14.0,0.0,10.0,0.14400000000000002,0.188,0.19899999999999998,0.387,53.0,43.0,3.79,1.22,159.0,159.0,0.0,890.2,745.0,109.0,342.0,755.0,2014
35,36,David Aardsma\aardsda01,St. Louis Cardinals,NYM,32,-0.2,8,109.0,3.0,0.0,0.0,0.0,0.0,0.0,0.0,0.0,0.0,0.0,0.0,15.0,17.0,4.23,1.436,298.0,0.0,69.0,306.1,271.0,35.0,169.0,305.0,2014
36,37,Endy Chavez\chaveen01,Seattle Mariners,SEA,36,-0.5,12,1071.0,2917.0,363.0,785.0,28.0,243.0,101.0,165.0,0.26899999999999996,0.307,0.364,0.6709999999999999,,,,,,,,,,,,,2014
37,38,Aaron Cunningham\cunniaa01,Arizona Diamondbacks,TEX,28,-0.5,5,,,,,,,,,,,,,,,,,,,,,,,,,2014
38,39,Kyle Farnsworth\farnsky01,New York Mets,PIT,38,1.4,15,422.0,54.0,3.0,4.0,0.0,3.0,0.0,2.0,0.07400000000000001,0.121,0.09300000000000001,0.213,43.0,63.0,4.26,1.364,858.0,26.0,54.0,960.0,912.0,130.0,397.0,945.0,2014
39,40,Rich Hill\hillri01,Boston Red Sox,CLE,34,0.0,9,71.0,114.0,1.0,14.0,0.0,6.0,0.0,2.0,0.12300000000000001,0.138,0.149,0.287,24.0,22.0,4.74,1.381,181.0,70.0,0.0,465.2,422.0,58.0,221.0,442.0,2014
40,41,Humberto Quintero\quinthu01,Seattle Mariners,SEA,34,1.3,11,468.0,1344.0,95.0,315.0,20.0,126.0,1.0,47.0,0.23399999999999999,0.267,0.327,0.595,,,,,,,,,,,,,2014
41,42,Matt Guerrier\guerrma02,Minnesota Twins,CHC,35,0.1,10,158.0,3.0,0.0,0.0,0.0,1.0,0.0,1.0,0.0,0.25,0.0,0.25,27.0,34.0,3.51,1.254,528.0,3.0,6.0,595.0,550.0,68.0,196.0,399.0,2014
42,43,Trent Oeltjen\oeltjtr01,Arizona Diamondbacks,LAA,31,0.0,4,,,,,,,,,,,,,,,,,,,,,,,,,2014
43,44,Chris Snyder\snydech02,Texas Rangers,BAL,33,0.2,10,715.0,2087.0,227.0,467.0,77.0,298.0,0.0,309.0,0.22399999999999998,0.32799999999999996,0.382,0.71,,,,,,,,,,,,,2014
44,45,Aaron Harang\haranaa01,Atlanta Braves,NYM,36,1.7,12,275.0,561.0,10.0,52.0,1.0,20.0,0.0,3.0,0.09300000000000001,0.10099999999999999,0.111,0.21100000000000002,110.0,116.0,4.28,1.3519999999999999,325.0,319.0,0.0,1945.1,2041.0,257.0,590.0,1573.0,2014
45,46,Shawn Hill\hillsh01,Toronto Blue Jays,DET,33,0.2,9,,,,,,,,,,,,,,,,,,,,,,,,,2014
46,47,Luis Ayala\ayalalu01,Baltimore Orioles,ATL,36,3.4,9,389.0,14.0,0.0,4.0,0.0,0.0,0.0,0.0,0.28600000000000003,0.28600000000000003,0.35700000000000004,0.643,38.0,47.0,3.34,1.2990000000000002,534.0,0.0,19.0,554.1,581.0,54.0,139.0,367.0,2014
47,48,David Adams\adamsda02,Baltimore Orioles,NYY,27,-0.2,1,43.0,140.0,10.0,27.0,2.0,13.0,0.0,9.0,0.193,0.252,0.28600000000000003,0.537,,,,,,,,,,,,,2014
48,49,Hector Ambriz\ambrihe01,San Diego Padres,HOU,30,-0.8,3,23.0,0.0,0.0,0.0,0.0,0.0,0.0,0.0,,,,,3.0,7.0,5.37,1.673,95.0,0.0,2.0,104.0,132.0,18.0,42.0,86.0,2014
49,50,Koyie Hill\hillko01,Philadelphia Phillies,MIA,35,-1.3,10,331.0,930.0,81.0,192.0,8.0,76.0,3.0,76.0,0.20600000000000002,0.266,0.287,0.5529999999999999,,,,,,,,,,,,,2014
50,51,Brandon Laird\lairdbr01,Washington Nationals,HOU,26,-0.2,3,53.0,127.0,12.0,25.0,6.0,16.0,0.0,8.0,0.19699999999999998,0.255,0.37,0.626,,,,,,,,,,,,,2014
51,52,Ramon Troncoso\troncra01,Kansas City Royals,CHW,31,-0.8,5,168.0,8.0,0.0,0.0,0.0,1.0,0.0,1.0,0.0,0.111,0.0,0.111,9.0,12.0,4.0,1.4380000000000002,204.0,0.0,6.0,227.1,243.0,21.0,84.0,159.0,2014
52,53,Ervin Santana\santaer01,Atlanta Braves,KCR,31,4.6,9,10.0,25.0,1.0,4.0,0.0,2.0,0.0,0.0,0.16,0.16,0.2,0.36,105.0,90.0,4.19,1.281,268.0,265.0,0.0,1686.2,1634.0,229.0,526.0,1328.0,2014
53,54,Oliver Perez\perezol01,Arizona Diamondbacks,SEA,32,1.5,11,208.0,341.0,13.0,54.0,0.0,15.0,3.0,14.0,0.158,0.19,0.161,0.35200000000000004,62.0,75.0,4.53,1.474,300.0,195.0,2.0,1194.1,1096.0,174.0,664.0,1224.0,2014
54,55,Andrew Bailey\bailean01,New York Yankees,BOS,30,0.3,5,11.0,0.0,0.0,0.0,0.0,0.0,0.0,0.0,,,,,11.0,12.0,2.64,1.055,206.0,0.0,89.0,218.0,161.0,20.0,69.0,227.0,2014
55,56,Nate Robertson\roberna01,Detroit Tigers,TEX,36,,11,,,,,,,,,,,,,,,,,,,,,,,,,2014
56,57,Joe Saunders\saundjo01,Texas Rangers,SEA,33,2.6,9,68.0,128.0,3.0,17.0,0.0,6.0,1.0,6.0,0.133,0.17,0.141,0.311,89.0,81.0,4.3,1.401,221.0,221.0,0.0,1344.1,1468.0,170.0,415.0,769.0,2014
57,58,Joe Martinez\martijo07,Los Angeles Angels of Anaheim,CLE,31,0.1,4,20.0,11.0,2.0,2.0,0.0,0.0,0.0,0.0,0.182,0.182,0.273,0.455,4.0,3.0,5.82,1.778,21.0,6.0,0.0,55.2,78.0,5.0,21.0,32.0,2014
58,59,Johan Santana\santajo02,Baltimore Orioles,NYM,35,-0.1,13,,,,,,,,,,,,,,,,,,,,,,,,,2014
59,60,Darren Ford\fordda03,San Francisco Giants,PIT,28,0.2,3,,,,,,,,,,,,,,,,,,,,,,,,,2014
60,61,Ryan Sadowski\sadowry01,Los Angeles Dodgers,SFG,31,,4,,,,,,,,,,,,,,,,,,,,,,,,,2014
61,62,Jesus Flores\floreje02,Kansas City Royals,TBR,29,-0.8,6,,,,,,,,,,,,,,,,,,,,,,,,,2014
62,63,Cedric Hunter\huntece01,Atlanta Braves,CLE,26,0.0,1,6.0,4.0,1.0,1.0,0.0,0.0,0.0,1.0,0.25,0.4,0.25,0.65,,,,,,,,,,,,,2014
63,64,Steve Edlefsen\edlefst01,Los Angeles Dodgers,SFG,29,-0.7,2,,,,,,,,,,,,,,,,,,,,,,,,,2014
64,65,Nelson Cruz\cruzne02,Baltimore Orioles,TEX,33,4.3,9,804.0,2891.0,404.0,774.0,157.0,489.0,65.0,250.0,0.268,0.327,0.495,0.823,,,,,,,,,,,,,2014
65,66,Tyler Colvin\colvity01,San Francisco Giants,COL,28,0.0,5,384.0,1076.0,148.0,259.0,47.0,160.0,13.0,70.0,0.24100000000000002,0.289,0.45399999999999996,0.743,,,,,,,,,,,,,2014
66,67,Chris Capuano\capuach01,Boston Red Sox,LAD,35,1.9,9,233.0,370.0,16.0,46.0,1.0,20.0,0.0,9.0,0.124,0.147,0.159,0.306,73.0,83.0,4.27,1.339,238.0,209.0,0.0,1267.2,1305.0,173.0,392.0,1050.0,2014
67,68,Tyson Brummett\brummty01,Los Angeles Dodgers,TOR,29,0.0,1,,,,,,,,,,,,,,,,,,,,,,,,,2014
68,69,Ubaldo Jimenez\jimenub01,Baltimore Orioles,CLE,30,3.2,8,138.0,273.0,12.0,31.0,0.0,9.0,0.0,17.0,0.114,0.166,0.114,0.27899999999999997,82.0,75.0,3.92,1.345,212.0,211.0,0.0,1275.2,1143.0,103.0,573.0,1172.0,2014
69,70,Scott Richmond\richmsc01,Texas Rangers,TEX,34,0.0,5,,,,,,,,,,,,,,,,,,,,,,,,,2014
70,71,Kevin Whelan\whelake01,Detroit Tigers,CIN,30,0.0,1,0.0,0.0,0.0,0.0,0.0,0.0,0.0,0.0,,,,,0.0,0.0,5.4,3.0,2.0,0.0,0.0,1.2,0.0,0.0,5.0,1.0,2014
71,72,Buddy Carlyle\carlybu01,New York Mets,TOR,36,0.0,7,104.0,56.0,6.0,9.0,0.0,4.0,0.0,3.0,0.161,0.203,0.161,0.364,11.0,12.0,5.58,1.453,112.0,27.0,0.0,253.1,267.0,41.0,101.0,198.0,2014
72,73,Brett Carroll\carrobr01,Toronto Blue Jays,PIT,31,-0.1,6,,,,,,,,,,,,,,,,,,,,,,,,,2014
73,74,A.J. Burnett\burnea.01,Philadelphia Phillies,PIT,37,3.8,15,195.0,391.0,14.0,43.0,3.0,13.0,0.0,17.0,0.11,0.151,0.16399999999999998,0.315,147.0,132.0,3.99,1.315,375.0,370.0,0.0,2353.2,2140.0,232.0,955.0,2180.0,2014
74,75,Josh Roenicke\roenijo01,Washington Nationals,MIN,31,2.4,6,102.0,13.0,1.0,1.0,0.0,0.0,0.0,0.0,0.077,0.14300000000000002,0.077,0.22,8.0,3.0,4.17,1.52,190.0,0.0,2.0,220.1,218.0,19.0,117.0,168.0,2014
75,76,Jason Hammel\hammeja01,Chicago Cubs,BAL,31,3.5,8,99.0,166.0,7.0,20.0,1.0,7.0,0.0,4.0,0.12,0.141,0.163,0.304,49.0,59.0,4.8,1.44,215.0,158.0,4.0,989.1,1082.0,117.0,343.0,717.0,2014
76,77,James McDonald\mcdonja03,Chicago Cubs,PIT,29,1.4,6,134.0,145.0,15.0,16.0,0.0,4.0,0.0,13.0,0.11,0.184,0.124,0.308,32.0,30.0,4.2,1.401,131.0,82.0,0.0,512.1,487.0,56.0,231.0,442.0,2014
77,78,Zach Miner\minerza01,Seattle Mariners,PHI,32,0.3,5,27.0,13.0,1.0,3.0,0.0,0.0,0.0,0.0,0.231,0.231,0.308,0.5379999999999999,25.0,22.0,4.25,1.4780000000000002,173.0,38.0,1.0,385.2,408.0,39.0,162.0,237.0,2014
78,79,Fernando Rodney\rodnefe01,Seattle Mariners,TBR,37,3.9,11,36.0,1.0,0.0,0.0,0.0,0.0,0.0,0.0,0.0,0.0,0.0,0.0,29.0,44.0,3.7,1.358,563.0,0.0,172.0,571.1,492.0,41.0,284.0,551.0,2014
79,80,Bronson Arroyo\arroybr01,Arizona Diamondbacks,CIN,37,3.3,14,323.0,576.0,30.0,71.0,6.0,29.0,1.0,14.0,0.12300000000000001,0.145,0.182,0.327,138.0,127.0,4.19,1.2919999999999998,391.0,355.0,1.0,2278.2,2321.0,314.0,623.0,1479.0,2014
80,81,Kyle Davies\davieky01,Cleveland Indians,MIN,30,-1.1,7,54.0,69.0,4.0,9.0,2.0,9.0,0.0,4.0,0.13,0.17600000000000002,0.23199999999999998,0.408,43.0,65.0,5.59,1.618,151.0,144.0,0.0,768.0,876.0,99.0,367.0,545.0,2014
81,82,Carlos Marmol\marmoca01,Miami Marlins,LAD,31,0.7,8,486.0,31.0,3.0,6.0,1.0,1.0,0.0,0.0,0.19399999999999998,0.19399999999999998,0.32299999999999995,0.516,23.0,32.0,3.46,1.338,504.0,13.0,117.0,563.2,369.0,46.0,385.0,730.0,2014
82,83,Steve Garrison\garrist01,Baltimore Orioles,ARI,27,0.0,2,,,,,,,,,,,,,,,,,,,,,,,,,2014
83,84,Rob Johnson\johnsro07,San Diego Padres,STL,31,-0.7,7,265.0,736.0,62.0,147.0,8.0,64.0,6.0,72.0,0.2,0.275,0.295,0.57,0.0,0.0,0.0,0.0,2.0,0.0,0.0,1.1,0.0,0.0,0.0,2.0,2014
84,85,Paul Maholm\maholpa01,Los Angeles Dodgers,ATL,32,4.1,9,230.0,469.0,19.0,52.0,2.0,18.0,0.0,22.0,0.111,0.151,0.132,0.28300000000000003,76.0,95.0,4.28,1.3969999999999998,243.0,242.0,0.0,1485.2,1594.0,141.0,482.0,950.0,2014
85,86,Jeff Baker\bakerje03,Miami Marlins,TEX,33,-0.4,9,617.0,1513.0,206.0,404.0,48.0,199.0,13.0,118.0,0.267,0.321,0.44,0.76,,,,,,,,,,,,,2014
86,87,Matt LaPorta\laporma01,Baltimore Orioles,CLE,29,-1.2,4,,,,,,,,,,,,,,,,,,,,,,,,,2014
87,88,Francisco Rodriguez\rodrifr03,Milwaukee Brewers,BAL,32,2.7,12,308.0,2.0,0.0,1.0,0.0,0.0,0.0,0.0,0.5,0.5,0.5,1.0,41.0,36.0,2.7,1.177,730.0,0.0,304.0,767.1,575.0,63.0,328.0,932.0,2014
88,89,Omir Santos\santoom01,Pittsburgh Pirates,CLE,33,-0.4,5,122.0,322.0,29.0,80.0,7.0,41.0,0.0,15.0,0.248,0.28,0.363,0.644,,,,,,,,,,,,,2014
89,90,Josh Geer\geerjo01,San Diego Padres,SDP,31,,5,,,,,,,,,,,,,,,,,,,,,,,,,2014
90,91,Evan Meek\meekev01,Baltimore Orioles,TEX,31,-0.3,5,150.0,1.0,0.0,1.0,0.0,0.0,0.0,0.0,1.0,1.0,1.0,2.0,7.0,7.0,3.34,1.3259999999999998,156.0,0.0,4.0,172.2,139.0,12.0,90.0,144.0,2014
91,92,Brad Nelson\nelsobr02,Minnesota Twins,CHC,31,,5,,,,,,,,,,,,,,,,,,,,,,,,,2014
92,93,Pat Neshek\neshepa01,St. Louis Cardinals,OAK,33,1.3,7,32.0,0.0,0.0,0.0,0.0,0.0,0.0,0.0,,,,,16.0,9.0,3.07,1.1340000000000001,226.0,0.0,0.0,214.1,155.0,29.0,88.0,216.0,2014
93,94,Justin Turner\turneju01,Los Angeles Dodgers,NYM,29,1.2,5,318.0,841.0,84.0,219.0,8.0,89.0,8.0,64.0,0.26,0.32299999999999995,0.361,0.684,,,,,,,,,,,,,2014
94,95,Jerome Williams\willije01,Houston Astros,LAA,32,0.7,8,72.0,122.0,4.0,14.0,0.0,1.0,0.0,1.0,0.115,0.129,0.139,0.268,42.0,47.0,4.35,1.35,155.0,117.0,1.0,776.1,772.0,92.0,276.0,491.0,2014
95,96,Cole Kimball\kimbaco01,New York Yankees,WSN,28,0.4,2,,,,,,,,,,,,,,,,,,,,,,,,,2014
96,97,Nick Masset\masseni01,Colorado Rockies,CIN,32,0.3,6,238.0,5.0,0.0,0.0,0.0,0.0,0.0,0.0,0.0,0.0,0.0,0.0,16.0,14.0,3.78,1.405,308.0,2.0,4.0,333.0,326.0,27.0,142.0,285.0,2014
97,98,Daniel Bard\bardda01,Texas Rangers,CHC,29,0.4,5,15.0,2.0,0.0,0.0,0.0,0.0,0.0,0.0,0.0,0.0,0.0,0.0,10.0,19.0,3.67,1.22,211.0,10.0,5.0,257.1,193.0,25.0,121.0,252.0,2014
98,99,Armando Galarraga\galarar01,Texas Rangers,COL,32,-2.1,6,,,,,,,,,,,,,,,,,,,,,,,,,2014
99,100,Wilson Betemit\betemwi01,Tampa Bay Rays,BAL,32,0.9,11,805.0,2093.0,264.0,558.0,75.0,283.0,9.0,211.0,0.267,0.332,0.442,0.774,,,,,,,,,,,,,2014
100,101,Bruce Chen\chenbr01,Kansas City Royals,KCR,37,4.3,15,158.0,125.0,5.0,19.0,0.0,3.0,0.0,3.0,0.152,0.172,0.16,0.332,80.0,76.0,4.49,1.368,385.0,218.0,1.0,1477.1,1492.0,247.0,529.0,1100.0,2014
101,102,Manny Corpas\corpama01,Colorado Rockies,COL,31,0.0,7,340.0,10.0,0.0,0.0,0.0,0.0,0.0,2.0,0.0,0.16699999999999998,0.0,0.16699999999999998,13.0,20.0,4.14,1.3459999999999999,359.0,0.0,34.0,374.1,392.0,38.0,112.0,264.0,2014
102,103,Roger Bernadina\bernaro01,Cincinnati Reds,PHI,30,0.8,6,495.0,1257.0,154.0,301.0,27.0,112.0,57.0,111.0,0.239,0.307,0.359,0.6659999999999999,,,,,,,,,,,,,2014
103,104,Brian Broderick\brodebr01,Arizona Diamondbacks,WSN,27,-0.2,2,,,,,,,,,,,,,,,,,,,,,,,,,2014
104,105,Reed Johnson\johnsre02,Miami Marlins,ATL,37,1.4,11,1190.0,3421.0,494.0,965.0,63.0,380.0,41.0,180.0,0.282,0.33899999999999997,0.409,0.748,,,,,,,,,,,,,2014
105,106,Yorvit Torrealba\torreyo01,Los Angeles Angels of Anaheim,COL,35,-1.1,13,907.0,2875.0,306.0,737.0,56.0,339.0,19.0,222.0,0.256,0.315,0.379,0.6940000000000001,,,,,,,,,,,,,2014
106,107,Lucas May\maylu01,Milwaukee Brewers,PIT,29,,3,,,,,,,,,,,,,,,,,,,,,,,,,2014
107,108,Bryan Anderson\anderbr05,Cincinnati Reds,CHW,27,-0.4,3,35.0,62.0,4.0,13.0,0.0,6.0,1.0,3.0,0.21,0.265,0.27399999999999997,0.539,,,,,,,,,,,,,2014
108,109,Ramon Santiago\santira01,Cincinnati Reds,DET,34,1.8,12,845.0,2257.0,275.0,548.0,28.0,197.0,28.0,179.0,0.243,0.311,0.33,0.6409999999999999,,,,,,,,,,,,,2014
109,110,Chad Tracy\tracych01,Los Angeles Angels of Anaheim,WSN,34,-0.3,9,938.0,2706.0,317.0,741.0,86.0,358.0,11.0,233.0,0.27399999999999997,0.33299999999999996,0.439,0.772,,,,,,,,,,,,,2014
110,111,Carlos Pena\penaca01,Los Angeles Angels of Anaheim,KCR,36,2.7,13,1475.0,4890.0,741.0,1138.0,285.0,816.0,28.0,813.0,0.233,0.348,0.465,0.813,,,,,,,,,,,,,2014
111,112,Chris Resop\resopch01,Boston Red Sox,OAK,31,0.1,8,206.0,4.0,0.0,0.0,0.0,0.0,0.0,1.0,0.0,0.2,0.0,0.2,10.0,12.0,4.62,1.5290000000000001,235.0,0.0,2.0,243.1,259.0,23.0,113.0,204.0,2014
112,113,Paul Janish\janispa01,Colorado Rockies,ATL,31,-1.2,6,431.0,1080.0,116.0,231.0,7.0,81.0,7.0,93.0,0.214,0.284,0.28800000000000003,0.5720000000000001,,,,,,,,,,,,,2014
113,114,Elliot Johnson\johnsel02,Cleveland Indians,ATL,30,2.4,4,311.0,730.0,79.0,159.0,12.0,69.0,46.0,54.0,0.218,0.273,0.319,0.5920000000000001,,,,,,,,,,,,,2014
114,115,Mike McClendon\mcclemi01,Colorado Rockies,COL,29,-0.2,3,,,,,,,,,,,,,,,,,,,,,,,,,2014
115,116,Pete Orr\orrpe01,Milwaukee Brewers,PHI,35,0.0,8,443.0,689.0,94.0,177.0,3.0,46.0,19.0,28.0,0.257,0.289,0.32799999999999996,0.617,,,,,,,,,,,,,2014
116,117,Josh Rodriguez\rodrijo05,Miami Marlins,NYM,29,-0.1,2,,,,,,,,,,,,,,,,,,,,,,,,,2014
117,118,Matt Garza\garzama01,Milwaukee Brewers,TEX,30,5.1,8,61.0,123.0,3.0,12.0,0.0,3.0,0.0,2.0,0.098,0.126,0.114,0.24,67.0,67.0,3.84,1.2830000000000001,194.0,191.0,1.0,1182.1,1124.0,135.0,393.0,1001.0,2014
118,119,Blake Davis\davisbl01,Pittsburgh Pirates,MIL,30,0.2,2,,,,,,,,,,,,,,,,,,,,,,,,,2014
119,120,Jeremy Hermida\hermije01,Milwaukee Brewers,CLE,30,0.5,8,,,,,,,,,,,,,,,,,,,,,,,,,2014
120,121,Luke Carlin\carlilu01,Cleveland Indians,LAA,33,0.2,5,,,,,,,,,,,,,,,,,,,,,,,,,2014
121,122,Scott Cousins\cousisc01,Boston Red Sox,LAA,29,-0.9,4,135.0,179.0,15.0,32.0,2.0,9.0,2.0,12.0,0.179,0.23,0.285,0.515,,,,,,,,,,,,,2014
122,123,Barry Enright\enrigba01,Philadelphia Phillies,LAA,28,-1.8,4,26.0,45.0,2.0,10.0,1.0,8.0,0.0,2.0,0.222,0.25,0.311,0.561,7.0,13.0,5.57,1.466,31.0,26.0,0.0,148.2,166.0,34.0,52.0,76.0,2014
123,124,Freddy Garcia\garcifr03,Atlanta Braves,ATL,37,3.0,15,39.0,77.0,1.0,12.0,0.0,4.0,0.0,2.0,0.156,0.175,0.182,0.35700000000000004,156.0,108.0,4.15,1.3030000000000002,376.0,357.0,0.0,2264.0,2243.0,285.0,708.0,1621.0,2014
124,125,Daisuke Matsuzaka\matsuda01,New York Mets,NYM,33,-1.8,7,13.0,26.0,0.0,5.0,0.0,2.0,0.0,0.0,0.192,0.192,0.192,0.385,53.0,40.0,4.52,1.409,124.0,123.0,0.0,707.0,659.0,79.0,337.0,642.0,2014
125,126,Jose Mijares\mijarjo01,Boston Red Sox,SFG,29,0.9,6,93.0,1.0,0.0,0.0,0.0,0.0,0.0,0.0,0.0,0.0,0.0,0.0,6.0,11.0,3.23,1.39,324.0,0.0,0.0,259.0,257.0,21.0,103.0,229.0,2014
126,127,Jeremy Moore\mooreje02,Tampa Bay Rays,LAD,27,0.0,2,,,,,,,,,,,,,,,,,,,,,,,,,2014
127,128,Mark Rogers\rogerma01,Seattle Mariners,MIL,28,0.7,3,,,,,,,,,,,,,,,,,,,,,,,,,2014
128,129,Grant Balfour\balfogr01,Tampa Bay Rays,OAK,36,5.9,10,35.0,2.0,0.0,0.0,0.0,0.0,0.0,0.0,0.0,0.0,0.0,0.0,28.0,17.0,3.27,1.186,463.0,1.0,72.0,473.0,354.0,43.0,207.0,514.0,2014
129,130,Xavier Nady\nadyxa01,San Diego Padres,COL,35,-1.2,11,939.0,2932.0,361.0,792.0,101.0,406.0,19.0,184.0,0.27,0.324,0.43200000000000005,0.7559999999999999,,,,,,,,,,,,,2014
130,131,Chang-Yong Lim\limch01,Chicago Cubs,CHC,38,0.0,1,6.0,0.0,0.0,0.0,0.0,0.0,0.0,0.0,,,,,0.0,0.0,5.4,2.6,6.0,0.0,0.0,5.0,6.0,0.0,7.0,5.0,2014
131,132,Eric O'Flaherty\oflaher01,Oakland Athletics,ATL,29,5.1,8,287.0,2.0,0.0,0.0,0.0,0.0,0.0,0.0,0.0,0.0,0.0,0.0,20.0,9.0,2.85,1.2429999999999999,373.0,0.0,0.0,319.1,286.0,16.0,111.0,245.0,2014
132,133,Trayvon Robinson\robintr01,Los Angeles Dodgers,BAL,26,-0.1,2,,,,,,,,,,,,,,,,,,,,,,,,,2014
133,134,Shelley Duncan\duncash01,Arizona Diamondbacks,TBR,34,-0.2,7,330.0,885.0,117.0,200.0,43.0,144.0,2.0,97.0,0.226,0.305,0.419,0.7240000000000001,,,,,,,,,,,,,2014
134,135,Chad Gaudin\gaudich01,Philadelphia Phillies,SFG,31,0.7,11,140.0,65.0,1.0,2.0,0.0,1.0,0.0,4.0,0.031,0.087,0.031,0.11800000000000001,45.0,44.0,4.44,1.484,344.0,87.0,2.0,836.1,859.0,92.0,382.0,673.0,2014
135,136,Chris Coghlan\coghlch01,Chicago Cubs,MIA,29,-3.1,5,393.0,1419.0,197.0,383.0,21.0,117.0,27.0,134.0,0.27,0.337,0.39,0.727,,,,,,,,,,,,,2014
136,137,Chris Getz\getzch01,Toronto Blue Jays,KCR,30,1.1,6,449.0,1384.0,175.0,348.0,3.0,111.0,87.0,110.0,0.251,0.31,0.309,0.619,,,,,,,,,,,,,2014
137,138,Edgar Gonzalez\gonzaed01,Cincinnati Reds,HOU,31,-0.4,10,89.0,72.0,1.0,12.0,0.0,3.0,0.0,2.0,0.16699999999999998,0.2,0.18100000000000002,0.381,17.0,27.0,5.92,1.5630000000000002,121.0,47.0,0.0,368.0,445.0,65.0,130.0,237.0,2014
138,139,Lyle Overbay\overbly01,Milwaukee Brewers,NYY,37,-0.3,13,1466.0,4844.0,621.0,1295.0,147.0,640.0,17.0,602.0,0.267,0.348,0.434,0.782,,,,,,,,,,,,,2014
139,140,John Lannan\lannajo01,New York Mets,PHI,29,0.5,7,141.0,247.0,8.0,26.0,1.0,11.0,0.0,16.0,0.105,0.16,0.138,0.297,45.0,58.0,4.12,1.432,148.0,148.0,0.0,858.0,906.0,83.0,323.0,448.0,2014
140,141,Rafael Perez\perezra01,Texas Rangers,BOS,32,0.9,7,,,,,,,,,,,,,,,,,,,,,,,,,2014
141,142,Omar Quintanilla\quintom01,New York Mets,NYM,32,-1.0,8,387.0,1006.0,116.0,222.0,8.0,71.0,5.0,94.0,0.221,0.28800000000000003,0.29600000000000004,0.584,,,,,,,,,,,,,2014
142,143,Joe Beimel\beimejo01,Seattle Mariners,ATL,37,-0.4,11,536.0,45.0,3.0,10.0,0.0,1.0,0.0,2.0,0.222,0.255,0.244,0.5,24.0,32.0,4.21,1.486,567.0,23.0,4.0,587.2,631.0,54.0,242.0,332.0,2014
143,144,Travis Buck\bucktr01,San Diego Padres,SDP,30,0.4,6,,,,,,,,,,,,,,,,,,,,,,,,,2014
144,145,Hernan Iribarren\iribahe01,Cincinnati Reds,COL,30,,2,24.0,27.0,2.0,5.0,0.0,2.0,0.0,2.0,0.185,0.24100000000000002,0.29600000000000004,0.5379999999999999,,,,,,,,,,,,,2014
145,146,Zach Jackson\jacksza01,Washington Nationals,KCR,31,,7,,,,,,,,,,,,,,,,,,,,,,,,,2014
146,147,Logan Kensing\kensilo01,Seattle Mariners,COL,31,0.0,7,129.0,8.0,0.0,0.0,0.0,0.0,0.0,0.0,0.0,0.0,0.0,0.0,8.0,9.0,5.79,1.633,135.0,3.0,2.0,161.2,175.0,28.0,89.0,144.0,2014
147,148,Mark Reynolds\reynoma01,Milwaukee Brewers,NYY,30,0.7,7,988.0,3418.0,530.0,797.0,202.0,568.0,52.0,459.0,0.233,0.32899999999999996,0.46399999999999997,0.7929999999999999,,,,,,,,,,,,,2014
148,149,John Buck\buckjo01,Seattle Mariners,PIT,33,1.7,10,1058.0,3523.0,380.0,824.0,133.0,485.0,6.0,299.0,0.23399999999999999,0.301,0.401,0.7020000000000001,,,,,,,,,,,,,2014
149,150,John McDonald\mcdonjo03,Los Angeles Angels of Anaheim,BOS,39,1.5,15,1005.0,2358.0,272.0,555.0,28.0,205.0,33.0,111.0,0.235,0.27399999999999997,0.327,0.601,0.0,0.0,0.0,6.0,1.0,0.0,0.0,0.1,2.0,0.0,0.0,1.0,2014
150,151,Michael McKenry\mckenmi01,Colorado Rockies,PIT,29,1.1,4,193.0,543.0,51.0,121.0,17.0,64.0,0.0,49.0,0.223,0.29100000000000004,0.376,0.6659999999999999,,,,,,,,,,,,,2014
151,152,Brian Omogrosso\omogrbr01,Chicago White Sox,CHW,30,-0.2,2,2.0,0.0,0.0,0.0,0.0,0.0,0.0,0.0,,,,,0.0,2.0,5.54,1.768,29.0,0.0,0.0,37.1,48.0,5.0,18.0,34.0,2014
152,153,Henry Rodriguez\rodrihe03,Miami Marlins,CHC,27,-0.5,5,111.0,2.0,0.0,0.0,0.0,0.0,0.0,0.0,0.0,0.0,0.0,0.0,5.0,7.0,4.24,1.507,148.0,0.0,11.0,148.2,122.0,9.0,102.0,150.0,2014
153,154,Zach Duke\dukeza01,Milwaukee Brewers,CIN,31,0.3,9,214.0,316.0,17.0,57.0,2.0,23.0,0.0,12.0,0.18,0.209,0.222,0.431,50.0,76.0,4.57,1.4869999999999999,215.0,169.0,1.0,1086.0,1319.0,110.0,296.0,565.0,2014
154,155,Cesar Izturis\izturce01,Houston Astros,CIN,34,-0.1,13,1310.0,4350.0,441.0,1103.0,17.0,312.0,110.0,226.0,0.254,0.293,0.322,0.614,,,,,,,,,,,,,2014
155,156,Gregorio Petit\petitgr01,Houston Astros,SDP,29,,2,25.0,54.0,6.0,15.0,0.0,1.0,0.0,2.0,0.278,0.304,0.33299999999999996,0.637,,,,,,,,,,,,,2014
156,157,Brian Roberts\roberbr01,New York Yankees,BAL,36,-0.2,13,1327.0,5214.0,810.0,1452.0,92.0,521.0,278.0,581.0,0.278,0.349,0.41200000000000003,0.7609999999999999,,,,,,,,,,,,,2014
157,158,Delmon Young\youngde03,Baltimore Orioles,TBR,28,-1.9,8,983.0,3692.0,426.0,1042.0,100.0,520.0,34.0,165.0,0.282,0.316,0.423,0.7390000000000001,,,,,,,,,,,,,2014
158,159,Jeff Francis\francje01,Cincinnati Reds,COL,33,1.2,9,188.0,301.0,18.0,35.0,0.0,16.0,0.0,25.0,0.11599999999999999,0.184,0.14,0.324,70.0,78.0,4.94,1.444,228.0,216.0,0.0,1249.0,1432.0,155.0,372.0,833.0,2014
159,160,Greg Golson\golsogr01,Milwaukee Brewers,ATL,28,-0.3,5,,,,,,,,,,,,,,,,,,,,,,,,,2014
160,161,Yunesky Maya\mayayu01,Atlanta Braves,WSN,32,-0.6,3,16.0,15.0,0.0,1.0,0.0,0.0,0.0,0.0,0.067,0.067,0.067,0.133,1.0,5.0,5.8,1.5759999999999998,16.0,10.0,0.0,59.0,72.0,7.0,21.0,27.0,2014
161,162,Thomas Neal\nealth01,Cincinnati Reds,CHC,26,-0.6,2,15.0,38.0,3.0,7.0,0.0,2.0,0.0,1.0,0.184,0.244,0.21100000000000002,0.45399999999999996,,,,,,,,,,,,,2014
162,163,Eddy Rodriguez\rodried04,Tampa Bay Rays,SDP,28,0.2,1,,,,,,,,,,,,,,,,,,,,,,,,,2014
163,164,Scott Sizemore\sizemsc01,New York Yankees,OAK,29,1.4,3,160.0,517.0,69.0,123.0,14.0,70.0,5.0,68.0,0.23800000000000002,0.32799999999999996,0.381,0.7090000000000001,,,,,,,,,,,,,2014
164,165,Alexi Casilla\casilal01,Baltimore Orioles,BAL,29,4.1,8,577.0,1692.0,225.0,419.0,12.0,157.0,80.0,130.0,0.248,0.302,0.332,0.634,,,,,,,,,,,,,2014
165,166,Justin Christian\chrisju01,Tampa Bay Rays,STL,34,0.2,5,,,,,,,,,,,,,,,,,,,,,,,,,2014
166,167,Eric Patterson\patteer01,Chicago White Sox,MIL,31,-0.3,6,,,,,,,,,,,,,,,,,,,,,,,,,2014
167,168,Matt Thornton\thornma01,New York Yankees,BOS,37,1.3,10,39.0,1.0,0.0,0.0,0.0,0.0,0.0,0.0,0.0,0.0,0.0,0.0,32.0,42.0,3.53,1.288,606.0,1.0,23.0,568.1,506.0,48.0,226.0,582.0,2014
168,169,Dontrelle Willis\willido03,San Francisco Giants,LAA,32,0.4,10,,,,,,,,,,,,,,,,,,,,,,,,,2014
169,170,Dylan Axelrod\axelrdy01,Chicago White Sox,CHW,28,0.1,3,1.0,2.0,1.0,1.0,0.0,0.0,0.0,0.0,0.5,0.5,0.5,1.0,7.0,13.0,5.36,1.601,48.0,30.0,0.0,198.0,244.0,33.0,73.0,132.0,2014
170,171,Ezequiel Carrera\carreez01,Detroit Tigers,CLE,27,0.4,3,131.0,366.0,50.0,92.0,2.0,26.0,18.0,25.0,0.251,0.306,0.33899999999999997,0.644,,,,,,,,,,,,,2014
171,172,Jamey Carroll\carroja01,Washington Nationals,KCR,40,3.6,12,1275.0,3671.0,560.0,1000.0,13.0,265.0,74.0,410.0,0.272,0.349,0.33799999999999997,0.687,0.0,0.0,0.0,0.0,1.0,0.0,0.0,1.0,0.0,0.0,0.0,0.0,2014
172,173,Zach Clark\clarkza01,Baltimore Orioles,BAL,30,-0.1,1,0.0,0.0,0.0,0.0,0.0,0.0,0.0,0.0,,,,,0.0,0.0,16.2,3.0,1.0,0.0,0.0,1.2,3.0,0.0,2.0,1.0,2014
173,174,Luis Exposito\exposlu01,Detroit Tigers,BAL,27,-0.2,1,,,,,,,,,,,,,,,,,,,,,,,,,2014
174,175,Robert Coello\coellro01,New York Yankees,LAA,29,-0.2,3,6.0,0.0,0.0,0.0,0.0,0.0,0.0,0.0,,,,,2.0,3.0,5.9,1.5519999999999998,28.0,0.0,1.0,29.0,28.0,3.0,17.0,39.0,2014
175,176,Tyler Robertson\roberty01,Washington Nationals,WSN,26,-0.5,2,0.0,0.0,0.0,0.0,0.0,0.0,0.0,0.0,,,,,2.0,2.0,5.54,1.385,42.0,0.0,0.0,26.0,22.0,5.0,14.0,28.0,2014
176,177,Robert Andino\andinro01,Pittsburgh Pirates,PIT,30,2.5,9,468.0,1320.0,157.0,306.0,18.0,96.0,24.0,113.0,0.23199999999999998,0.294,0.318,0.612,,,,,,,,,,,,,2014
177,178,Scott Atchison\atchisc01,Cleveland Indians,NYM,38,1.5,7,75.0,2.0,0.0,0.0,0.0,0.0,0.0,0.0,0.0,0.0,0.0,0.0,10.0,10.0,3.64,1.235,205.0,1.0,1.0,255.0,244.0,25.0,71.0,192.0,2014
178,179,Chris Dickerson\dickech01,Pittsburgh Pirates,BAL,32,0.8,6,314.0,623.0,93.0,163.0,15.0,60.0,32.0,71.0,0.262,0.33899999999999997,0.406,0.745,,,,,,,,,,,,,2014
179,180,Eric Farris\farrier01,Minnesota Twins,MIN,28,-0.1,2,,,,,,,,,,,,,,,,,,,,,,,,,2014
180,181,J.C. Gutierrez\gutieju01,San Francisco Giants,LAA,30,-0.8,5,147.0,6.0,1.0,0.0,0.0,0.0,0.0,0.0,0.0,0.0,0.0,0.0,6.0,15.0,4.65,1.406,203.0,3.0,24.0,222.2,225.0,26.0,88.0,197.0,2014
181,182,Jeremy Hefner\hefneje01,New York Mets,NYM,28,-1.3,2,48.0,52.0,1.0,2.0,1.0,2.0,0.0,1.0,0.038,0.07400000000000001,0.096,0.17,8.0,15.0,4.65,1.324,50.0,36.0,0.0,224.1,242.0,29.0,55.0,161.0,2014
182,183,Ray Olmedo\olmedra01,Tampa Bay Rays,MIN,33,-0.1,10,,,,,,,,,,,,,,,,,,,,,,,,,2014
183,184,Taylor Teagarden\teagata01,New York Mets,BAL,30,-0.3,6,163.0,467.0,56.0,96.0,20.0,63.0,0.0,35.0,0.20600000000000002,0.266,0.39,0.655,,,,,,,,,,,,,2014
184,185,Quintin Berry\berryqu01,Baltimore Orioles,BOS,29,0.9,2,107.0,299.0,49.0,80.0,3.0,33.0,24.0,26.0,0.268,0.33899999999999997,0.371,0.711,,,,,,,,,,,,,2014
185,186,James Loney\loneyja01,Tampa Bay Rays,TBR,30,4.4,8,1084.0,3719.0,414.0,1059.0,86.0,534.0,32.0,317.0,0.285,0.34,0.42100000000000004,0.7609999999999999,,,,,,,,,,,,,2014
186,187,Trevor Crowe\crowetr01,Detroit Tigers,HOU,30,-0.1,4,265.0,818.0,94.0,196.0,4.0,68.0,35.0,60.0,0.24,0.294,0.322,0.615,,,,,,,,,,,,,2014
187,188,Scott Downs\downssc01,Chicago White Sox,ATL,38,3.7,12,86.0,45.0,3.0,3.0,0.0,1.0,0.0,3.0,0.067,0.125,0.067,0.192,38.0,36.0,3.48,1.335,564.0,50.0,26.0,713.1,693.0,65.0,259.0,550.0,2014
188,189,Joe Benson\bensojo01,Miami Marlins,TEX,26,-0.7,2,,,,,,,,,,,,,,,,,,,,,,,,,2014
189,190,Jesse Crain\crainje01,Houston Astros,TBR,32,6.0,10,31.0,1.0,0.0,0.0,0.0,0.0,0.0,0.0,0.0,0.0,0.0,0.0,45.0,30.0,3.05,1.2309999999999999,532.0,0.0,4.0,532.0,449.0,44.0,206.0,440.0,2014
190,191,Rafael Dolis\dolisra01,San Francisco Giants,CHC,26,-0.9,3,40.0,0.0,0.0,0.0,0.0,0.0,0.0,0.0,,,,,2.0,4.0,5.48,1.556,40.0,0.0,4.0,44.1,43.0,5.0,26.0,25.0,2014
191,192,Will Rhymes\rhymewi01,Washington Nationals,WSN,31,-0.6,3,,,,,,,,,,,,,,,,,,,,,,,,,2014
192,193,Joaquin Benoit\benoijo01,San Diego Padres,DET,36,5.0,12,31.0,9.0,1.0,0.0,0.0,0.0,0.0,0.0,0.0,0.0,0.0,0.0,44.0,35.0,4.11,1.285,541.0,55.0,37.0,850.2,739.0,107.0,354.0,833.0,2014
193,194,Jason Donald\donalja01,Kansas City Royals,CIN,29,0.8,3,,,,,,,,,,,,,,,,,,,,,,,,,2014
194,195,Melky Mesa\mesame01,Kansas City Royals,NYY,27,0.1,2,8.0,15.0,2.0,6.0,0.0,2.0,0.0,1.0,0.4,0.43799999999999994,0.5329999999999999,0.971,,,,,,,,,,,,,2014
195,196,Shin-Soo Choo\choosh01,Texas Rangers,CIN,31,9.6,9,853.0,3122.0,497.0,900.0,104.0,427.0,105.0,449.0,0.28800000000000003,0.389,0.465,0.8540000000000001,,,,,,,,,,,,,2014
196,197,Raul Ibanez\ibanera01,Los Angeles Angels of Anaheim,SEA,42,-0.8,18,2071.0,7225.0,1032.0,1993.0,300.0,1181.0,47.0,680.0,0.276,0.33799999999999997,0.47100000000000003,0.809,,,,,,,,,,,,,2014
197,198,Kevin Slowey\sloweke01,Miami Marlins,MIA,30,-0.1,6,29.0,34.0,2.0,3.0,0.0,2.0,0.0,2.0,0.08800000000000001,0.139,0.11800000000000001,0.257,42.0,35.0,4.58,1.3030000000000002,120.0,104.0,0.0,624.2,712.0,96.0,102.0,471.0,2014
198,199,Jose Veras\verasjo01,Chicago Cubs,DET,33,2.3,8,201.0,0.0,1.0,0.0,0.0,0.0,0.0,1.0,,1.0,,,19.0,22.0,3.84,1.31,394.0,0.0,26.0,377.0,300.0,39.0,194.0,388.0,2014
199,200,Munenori Kawasaki\kawasmu01,Toronto Blue Jays,TOR,33,0.9,2,157.0,344.0,40.0,75.0,1.0,31.0,9.0,40.0,0.218,0.306,0.276,0.5820000000000001,,,,,,,,,,,,,2014
200,201,Chris Perez\perezch01,Los Angeles Dodgers,CLE,28,1.6,6,79.0,1.0,0.0,0.0,0.0,0.0,0.0,0.0,0.0,0.0,0.0,0.0,15.0,21.0,3.41,1.219,344.0,0.0,132.0,333.0,266.0,39.0,140.0,323.0,2014
201,202,Kevin Russo\russoke01,Detroit Tigers,DET,29,,3,,,,,,,,,,,,,,,,,,,,,,,,,2014
202,203,Juan Uribe\uribeju01,Los Angeles Dodgers,LAD,35,3.6,13,1531.0,5177.0,629.0,1308.0,169.0,694.0,46.0,324.0,0.253,0.299,0.42,0.7190000000000001,,,,,,,,,,,,,2014
203,204,Jamey Wright\wrighja01,Los Angeles Dodgers,TBR,39,2.0,18,328.0,438.0,26.0,64.0,1.0,17.0,0.0,12.0,0.146,0.16899999999999998,0.192,0.361,92.0,126.0,4.82,1.55,658.0,247.0,1.0,1966.1,2096.0,197.0,951.0,1135.0,2014
204,205,Mike Pelfrey\pelfrmi01,Minnesota Twins,MIN,30,1.2,8,145.0,265.0,13.0,26.0,0.0,13.0,0.0,13.0,0.098,0.146,0.11699999999999999,0.263,55.0,67.0,4.48,1.472,182.0,178.0,1.0,1049.0,1173.0,83.0,371.0,607.0,2014
205,206,Kurt Suzuki\suzukku01,Minnesota Twins,OAK,30,1.9,7,840.0,2961.0,325.0,748.0,67.0,359.0,19.0,209.0,0.253,0.309,0.375,0.685,,,,,,,,,,,,,2014
206,207,Matt Tolbert\tolbema01,Philadelphia Phillies,PHI,32,0.0,5,,,,,,,,,,,,,,,,,,,,,,,,,2014
207,208,Kensuke Tanaka\tanakke01,Texas Rangers,SFG,33,0.3,1,15.0,30.0,4.0,8.0,0.0,2.0,2.0,4.0,0.267,0.353,0.267,0.62,,,,,,,,,,,,,2014
208,209,Bruce Billings\billibr02,New York Yankees,OAK,28,-0.3,1,1.0,0.0,0.0,0.0,0.0,0.0,0.0,0.0,,,,,0.0,0.0,10.29,2.714,4.0,0.0,0.0,7.0,13.0,1.0,6.0,7.0,2014
209,210,Eric Chavez\chaveer01,Arizona Diamondbacks,ARI,36,2.1,16,1571.0,5449.0,810.0,1460.0,257.0,894.0,48.0,628.0,0.268,0.342,0.47600000000000003,0.818,,,,,,,,,,,,,2014
210,211,Ryan Feierabend\feierry01,Texas Rangers,TEX,28,,3,1.0,0.0,0.0,0.0,0.0,0.0,0.0,0.0,,,,,2.0,11.0,7.22,1.8019999999999998,25.0,19.0,0.0,106.0,147.0,20.0,44.0,64.0,2014
211,212,J.P. Howell\howeljp01,Los Angeles Dodgers,LAD,31,1.4,8,84.0,11.0,1.0,2.0,0.0,1.0,0.0,0.0,0.182,0.182,0.182,0.364,25.0,24.0,4.1,1.34,334.0,33.0,21.0,465.0,414.0,48.0,209.0,429.0,2014
212,213,Yoshinori Tateyama\tateyyo01,New York Yankees,NYY,38,-0.4,2,,,,,,,,,,,,,,,,,,,,,,,,,2014
213,214,Jordany Valdespin\valdejo02,Miami Marlins,NYM,26,-0.6,2,160.0,324.0,44.0,71.0,12.0,42.0,14.0,18.0,0.21899999999999997,0.271,0.38,0.6509999999999999,,,,,,,,,,,,,2014
214,215,John Axford\axforjo01,Cleveland Indians,STL,31,0.8,5,267.0,1.0,0.0,0.0,0.0,0.0,0.0,0.0,0.0,0.0,0.0,0.0,22.0,19.0,3.29,1.3259999999999998,281.0,0.0,106.0,273.2,240.0,25.0,123.0,329.0,2014
215,216,Ronald Belisario\belisro01,Chicago White Sox,LAD,31,1.0,4,259.0,5.0,0.0,0.0,0.0,0.0,0.0,0.0,0.0,0.0,0.0,0.0,20.0,12.0,3.29,1.238,273.0,0.0,4.0,265.0,223.0,16.0,105.0,220.0,2014
216,217,Trevor Bell\belltr01,Cincinnati Reds,CIN,27,0.3,3,6.0,1.0,0.0,0.0,0.0,0.0,0.0,0.0,0.0,0.0,0.0,0.0,4.0,8.0,5.21,1.712,52.0,11.0,0.0,115.2,156.0,7.0,42.0,76.0,2014
217,218,Carlos Beltran\beltrca01,New York Yankees,STL,37,10.7,16,2064.0,7868.0,1346.0,2228.0,358.0,1327.0,308.0,934.0,0.28300000000000003,0.359,0.496,0.8540000000000001,,,,,,,,,,,,,2014
218,219,Emmanuel Burriss\burriem01,Washington Nationals,CIN,29,-1.3,5,281.0,720.0,87.0,175.0,1.0,42.0,40.0,53.0,0.243,0.304,0.26899999999999996,0.573,,,,,,,,,,,,,2014
219,220,Matt Daley\daleyma01,New York Yankees,NYY,32,0.0,4,90.0,0.0,0.0,0.0,0.0,0.0,0.0,0.0,,,,,2.0,2.0,4.38,1.274,99.0,0.0,0.0,86.1,80.0,9.0,30.0,88.0,2014
220,221,Daniel McCutchen\mccutda01,Texas Rangers,BAL,31,0.5,4,107.0,30.0,2.0,2.0,0.0,1.0,1.0,1.0,0.067,0.125,0.067,0.192,8.0,11.0,4.77,1.495,108.0,15.0,0.0,188.2,209.0,27.0,73.0,104.0,2014
221,222,Xavier Paul\paulxa01,Baltimore Orioles,CIN,29,-0.6,5,335.0,673.0,81.0,171.0,12.0,71.0,23.0,59.0,0.254,0.316,0.376,0.6920000000000001,,,,,,,,,,,,,2014
222,223,Jonathan Sanchez\sanchjo01,Chicago Cubs,LAD,31,-2.5,8,176.0,200.0,10.0,23.0,0.0,9.0,0.0,8.0,0.115,0.157,0.155,0.312,39.0,58.0,4.7,1.464,194.0,137.0,0.0,786.1,714.0,91.0,437.0,796.0,2014
223,224,John Baker\bakerjo01,Chicago Cubs,LAD,33,0.1,6,291.0,894.0,115.0,231.0,14.0,105.0,2.0,108.0,0.258,0.342,0.364,0.705,,,,,,,,,,,,,2014
224,225,Chris Bootcheck\bootcch01,Philadelphia Phillies,NYY,35,0.0,7,15.0,2.0,0.0,0.0,0.0,0.0,0.0,0.0,0.0,0.0,0.0,0.0,3.0,7.0,6.55,1.6580000000000001,91.0,3.0,1.0,148.1,180.0,19.0,66.0,106.0,2014
225,226,Andrew Carignan\carigan01,San Francisco Giants,OAK,27,0.0,2,,,,,,,,,,,,,,,,,,,,,,,,,2014
226,227,Justin Germano\germaju01,Texas Rangers,TOR,31,-1.2,8,58.0,67.0,4.0,10.0,0.0,3.0,0.0,4.0,0.149,0.19699999999999998,0.179,0.376,10.0,30.0,5.29,1.429,94.0,48.0,0.0,324.2,360.0,40.0,104.0,206.0,2014
227,228,Ruben Gotay\gotayru01,Cincinnati Reds,STL,31,,9,,,,,,,,,,,,,,,,,,,,,,,,,2014
228,229,Franklin Gutierrez\gutiefr01,Seattle Mariners,SEA,31,1.0,9,762.0,2557.0,326.0,654.0,67.0,279.0,77.0,178.0,0.256,0.306,0.391,0.6970000000000001,,,,,,,,,,,,,2014
229,230,Tony Gwynn\gwynnto02,Philadelphia Phillies,LAD,31,1.3,7,605.0,1495.0,178.0,365.0,7.0,95.0,77.0,146.0,0.244,0.312,0.318,0.63,,,,,,,,,,,,,2014
230,231,Roberto Hernandez\carmofa01,Philadelphia Phillies,TBR,33,-2.2,8,14.0,18.0,0.0,0.0,0.0,0.0,0.0,0.0,0.0,0.0,0.0,0.0,59.0,82.0,4.67,1.416,216.0,177.0,1.0,1100.0,1153.0,115.0,405.0,680.0,2014
231,232,Tommy Hottovy\hottoto01,Chicago Cubs,TOR,32,0.1,2,,,,,,,,,,,,,,,,,,,,,,,,,2014
232,233,Kyle Hudson\hudsoky01,Los Angeles Angels of Anaheim,BAL,27,-0.4,2,,,,,,,,,,,,,,,,,,,,,,,,,2014
233,234,Ryan Kalish\kalisry01,Chicago Cubs,BOS,26,-0.8,2,89.0,259.0,38.0,63.0,4.0,29.0,13.0,18.0,0.243,0.293,0.35100000000000003,0.644,,,,,,,,,,,,,2014
234,235,Michael Martinez\martimi02,Pittsburgh Pirates,PHI,31,-0.6,3,162.0,364.0,40.0,68.0,5.0,34.0,4.0,23.0,0.187,0.23399999999999999,0.261,0.495,,,,,,,,,,,,,2014
235,236,Kyle McPherson\mcpheky01,Pittsburgh Pirates,PIT,26,0.5,1,,,,,,,,,,,,,,,,,,,,,,,,,2014
236,237,Sean O'Sullivan\osullse01,Philadelphia Phillies,SDP,26,-1.3,4,9.0,10.0,1.0,2.0,0.0,0.0,0.0,0.0,0.2,0.2,0.3,0.5,10.0,16.0,5.89,1.5819999999999999,50.0,37.0,0.0,218.2,259.0,37.0,87.0,103.0,2014
237,238,Elvin Ramirez\ramirel02,Pittsburgh Pirates,LAA,26,-0.1,1,,,,,,,,,,,,,,,,,,,,,,,,,2014
238,239,Dave Sappelt\sappeda01,Philadelphia Phillies,CHC,27,0.2,3,95.0,251.0,28.0,63.0,2.0,17.0,4.0,17.0,0.251,0.301,0.34299999999999997,0.644,,,,,,,,,,,,,2014
239,240,Daniel Schlereth\schleda01,Pittsburgh Pirates,BAL,28,0.0,4,,,,,,,,,,,,,,,,,,,,,,,,,2014
240,241,Atahualpa Severino\severat01,Atlanta Braves,PIT,29,0.0,2,,,,,,,,,,,,,,,,,,,,,,,,,2014
241,242,Greg Smith\smithgr02,Philadelphia Phillies,PHI,30,,5,,,,,,,,,,,,,,,,,,,,,,,,,2014
242,243,Chien-Ming Wang\wangch01,Cincinnati Reds,TOR,34,-1.5,8,26.0,39.0,2.0,2.0,0.0,1.0,0.0,2.0,0.051,0.098,0.077,0.174,62.0,34.0,4.37,1.3780000000000001,136.0,126.0,1.0,792.1,858.0,59.0,234.0,364.0,2014
243,244,Matt Albers\alberma01,Houston Astros,CLE,31,1.8,8,81.0,34.0,0.0,2.0,0.0,0.0,0.0,0.0,0.059000000000000004,0.059000000000000004,0.059000000000000004,0.11800000000000001,25.0,31.0,4.49,1.454,356.0,23.0,0.0,505.1,510.0,50.0,225.0,353.0,2014
244,245,Mike Morse\morsemi01,San Francisco Giants,BAL,32,2.4,9,573.0,1858.0,233.0,523.0,83.0,272.0,6.0,121.0,0.281,0.33399999999999996,0.473,0.8079999999999999,,,,,,,,,,,,,2014
245,246,Steven Tolleson\tollest01,Toronto Blue Jays,CHW,30,-0.3,2,54.0,120.0,9.0,27.0,3.0,10.0,1.0,8.0,0.225,0.273,0.35,0.623,,,,,,,,,,,,,2014
246,247,Ivan De Jesus\dejesiv02,Baltimore Orioles,PIT,27,-0.8,2,48.0,73.0,7.0,15.0,0.0,5.0,1.0,5.0,0.205,0.253,0.247,0.5,,,,,,,,,,,,,2014
247,248,Mark Ellis\ellisma01,St. Louis Cardinals,LAD,37,7.7,11,1362.0,4939.0,675.0,1311.0,105.0,538.0,78.0,424.0,0.265,0.33,0.39,0.72,,,,,,,,,,,,,2014
248,249,Gavin Floyd\floydga01,Atlanta Braves,CHW,31,5.0,10,33.0,56.0,0.0,3.0,0.0,0.0,0.0,2.0,0.054000000000000006,0.086,0.054000000000000006,0.14,70.0,70.0,4.48,1.338,199.0,187.0,0.0,1151.1,1150.0,150.0,390.0,903.0,2014
249,250,Omar Infante\infanom01,Kansas City Royals,DET,32,7.5,12,1209.0,4169.0,504.0,1165.0,74.0,421.0,69.0,245.0,0.27899999999999997,0.319,0.402,0.721,,,,,,,,,,,,,2014
250,251,Boone Logan\loganbo02,Colorado Rockies,NYY,29,1.9,8,45.0,0.0,0.0,0.0,0.0,0.0,0.0,0.0,,,,,24.0,12.0,4.39,1.475,420.0,0.0,2.0,303.2,316.0,37.0,132.0,304.0,2014
251,252,Wesley Wright\wrighwe01,Chicago Cubs,TBR,29,2.3,6,230.0,16.0,2.0,1.0,0.0,0.0,0.0,0.0,0.063,0.063,0.063,0.125,10.0,15.0,4.37,1.405,302.0,4.0,2.0,251.1,240.0,35.0,113.0,253.0,2014
252,253,Che-Hsuan Lin\linch01,Texas Rangers,HOU,25,-0.1,1,,,,,,,,,,,,,,,,,,,,,,,,,2014
253,254,Brian Bocock\bococbr01,Kansas City Royals,PIT,29,,5,,,,,,,,,,,,,,,,,,,,,,,,,2014
254,255,Bartolo Colon\colonba01,New York Mets,OAK,41,9.7,16,44.0,96.0,1.0,10.0,0.0,5.0,0.0,0.0,0.10400000000000001,0.11199999999999999,0.10400000000000001,0.21600000000000003,189.0,128.0,3.94,1.314,411.0,405.0,0.0,2583.2,2594.0,308.0,802.0,1950.0,2014
255,256,Cory Wade\wadeco01,Kansas City Royals,NYM,31,0.5,5,,,,,,,,,,,,,,,,,,,,,,,,,2014
256,257,Juan Abreu\abreuju01,Los Angeles Dodgers,LAD,29,0.1,2,,,,,,,,,,,,,,,,,,,,,,,,,2014
257,258,Henry Blanco\blanche01,Arizona Diamondbacks,SEA,42,-0.4,16,971.0,2761.0,274.0,615.0,72.0,298.0,6.0,254.0,0.223,0.28800000000000003,0.361,0.649,,,,,,,,,,,,,2014
258,259,Drew Carpenter\carpean01,Los Angeles Dodgers,OAK,29,-0.4,5,,,,,,,,,,,,,,,,,,,,,,,,,2014
259,260,Matt Carson\carsoma01,Cleveland Indians,CLE,32,0.6,4,92.0,177.0,16.0,42.0,6.0,21.0,7.0,5.0,0.237,0.257,0.35600000000000004,0.613,,,,,,,,,,,,,2014
260,261,Joba Chamberlain\chambjo03,Detroit Tigers,NYY,28,0.6,7,13.0,5.0,0.0,0.0,0.0,0.0,0.0,1.0,0.0,0.16699999999999998,0.0,0.16699999999999998,23.0,14.0,3.85,1.383,260.0,43.0,5.0,444.2,433.0,47.0,182.0,446.0,2014
261,262,Tyler Cloyd\cloydty01,Cleveland Indians,CLE,27,-0.8,2,17.0,29.0,3.0,3.0,0.0,1.0,0.0,5.0,0.10300000000000001,0.235,0.138,0.373,4.0,9.0,5.98,1.5859999999999999,19.0,17.0,0.0,93.1,116.0,15.0,32.0,71.0,2014
262,263,John Ely\elyjo01,Boston Red Sox,HOU,28,-0.7,3,,,,,,,,,,,,,,,,,,,,,,,,,2014
263,264,Mat Gamel\gamelma01,Atlanta Braves,CHC,28,-0.4,5,,,,,,,,,,,,,,,,,,,,,,,,,2014
264,265,Corey Hart\hartco01,Seattle Mariners,MIL,32,5.0,9,945.0,3443.0,529.0,950.0,154.0,508.0,83.0,269.0,0.276,0.33399999999999996,0.491,0.8240000000000001,,,,,,,,,,,,,2014
265,266,Daniel Hudson\hudsoda01,Arizona Diamondbacks,ARI,27,1.5,4,51.0,105.0,7.0,24.0,1.0,21.0,0.0,5.0,0.22899999999999998,0.268,0.305,0.573,28.0,17.0,3.68,1.209,62.0,58.0,0.0,381.1,363.0,37.0,98.0,304.0,2014
266,267,Josh Judy\judyjo01,Los Angeles Dodgers,LAA,28,-0.2,2,,,,,,,,,,,,,,,,,,,,,,,,,2014
267,268,Jason Kubel\kubelja01,Minnesota Twins,CLE,32,1.2,9,991.0,3324.0,430.0,878.0,139.0,551.0,11.0,336.0,0.264,0.33,0.455,0.785,,,,,,,,,,,,,2014
268,269,Andy Marte\martean01,Arizona Diamondbacks,LAA,30,,6,301.0,838.0,85.0,183.0,20.0,96.0,1.0,67.0,0.218,0.27699999999999997,0.358,0.635,,,,,,,,,,,,,2014
269,270,Justin Morneau\morneju01,Colorado Rockies,PIT,33,2.0,11,1303.0,4826.0,675.0,1338.0,221.0,863.0,5.0,514.0,0.27699999999999997,0.34700000000000003,0.48200000000000004,0.8290000000000001,,,,,,,,,,,,,2014
270,271,Matt Palmer\palmema01,Seattle Mariners,LAD,35,-0.2,5,,,,,,,,,,,,,,,,,,,,,,,,,2014
271,272,Brock Peterson\peterbr02,Washington Nationals,STL,30,-0.4,1,23.0,26.0,0.0,2.0,0.0,2.0,0.0,2.0,0.077,0.14300000000000002,0.077,0.22,,,,,,,,,,,,,2014
272,273,Edinson Volquez\volqued01,Pittsburgh Pirates,LAD,30,-3.1,9,131.0,218.0,12.0,21.0,1.0,6.0,0.0,4.0,0.096,0.113,0.11900000000000001,0.23199999999999998,53.0,52.0,4.75,1.505,159.0,154.0,0.0,850.0,830.0,92.0,449.0,795.0,2014
273,274,Clint Barmes\barmecl01,Pittsburgh Pirates,PIT,35,5.5,11,1040.0,3496.0,395.0,859.0,86.0,392.0,42.0,197.0,0.24600000000000002,0.294,0.38299999999999995,0.677,,,,,,,,,,,,,2014
274,275,Robinson Cano\canoro01,Seattle Mariners,NYY,31,22.0,9,1374.0,5336.0,799.0,1649.0,204.0,822.0,38.0,350.0,0.309,0.355,0.504,0.86,,,,,,,,,,,,,2014
275,276,Sam Demel\demelsa01,Los Angeles Dodgers,NYY,28,-0.3,3,,,,,,,,,,,,,,,,,,,,,,,,,2014
276,277,Kevin Kouzmanoff\kouzmke01,Texas Rangers,MIA,32,-0.5,6,672.0,2478.0,265.0,633.0,85.0,361.0,6.0,123.0,0.255,0.3,0.42,0.72,,,,,,,,,,,,,2014
277,278,Brent Lillibridge\lillibr01,Texas Rangers,NYY,30,0.0,6,358.0,708.0,102.0,145.0,19.0,71.0,37.0,49.0,0.205,0.267,0.332,0.599,,,,,,,,,,,,,2014
278,279,Nate McLouth\mclouna01,Washington Nationals,BAL,32,2.6,9,966.0,3118.0,511.0,779.0,100.0,326.0,129.0,350.0,0.25,0.33399999999999996,0.418,0.752,,,,,,,,,,,,,2014
279,280,Mike Napoli\napolmi01,Boston Red Sox,BOS,32,11.3,8,866.0,2768.0,450.0,716.0,169.0,472.0,27.0,388.0,0.259,0.35700000000000004,0.502,0.8590000000000001,,,,,,,,,,,,,2014
280,281,Manny Pina\pinama01,Seattle Mariners,KCR,27,-0.1,2,5.0,16.0,2.0,3.0,0.0,0.0,0.0,1.0,0.188,0.235,0.313,0.5479999999999999,,,,,,,,,,,,,2014
281,282,Josh Wilson\wilsojo03,Texas Rangers,ARI,33,0.6,6,386.0,990.0,93.0,223.0,10.0,71.0,13.0,52.0,0.225,0.278,0.317,0.595,0.0,1.0,9.0,2.333,3.0,0.0,0.0,3.0,4.0,1.0,3.0,0.0,2014
282,283,Rajai Davis\davisra01,Detroit Tigers,TOR,33,1.6,8,821.0,2431.0,351.0,652.0,27.0,224.0,268.0,151.0,0.268,0.316,0.377,0.693,,,,,,,,,,,,,2014
283,284,J.P. Arencibia\arencjp01,Texas Rangers,TOR,28,2.6,4,380.0,1299.0,140.0,275.0,64.0,193.0,2.0,74.0,0.212,0.258,0.408,0.6659999999999999,,,,,,,,,,,,,2014
284,285,Garrett Jones\jonesga02,Miami Marlins,PIT,33,1.8,6,708.0,2284.0,276.0,581.0,102.0,330.0,28.0,211.0,0.254,0.316,0.45799999999999996,0.774,,,,,,,,,,,,,2014
285,286,Chris Marrero\marrech01,Baltimore Orioles,WSN,25,-1.0,2,39.0,125.0,6.0,29.0,0.0,11.0,0.0,4.0,0.23199999999999998,0.256,0.272,0.528,,,,,,,,,,,,,2014
286,287,Ryan Webb\webbry01,Baltimore Orioles,MIA,28,2.5,5,252.0,5.0,1.0,1.0,0.0,0.0,0.0,0.0,0.2,0.2,0.2,0.4,13.0,15.0,3.29,1.37,266.0,0.0,0.0,276.0,281.0,13.0,97.0,192.0,2014
287,288,Curtis Granderson\grandcu01,New York Mets,NYY,33,10.6,10,1187.0,4438.0,780.0,1157.0,217.0,606.0,122.0,514.0,0.261,0.34,0.488,0.828,,,,,,,,,,,,,2014
288,289,Felipe Paulino\paulife01,Chicago White Sox,KCR,30,2.5,5,66.0,56.0,1.0,8.0,0.0,1.0,0.0,1.0,0.14300000000000002,0.172,0.161,0.33299999999999996,13.0,32.0,4.93,1.505,93.0,61.0,0.0,385.1,420.0,45.0,160.0,359.0,2014
289,290,Mark Hamilton\hamilma01,Atlanta Braves,BOS,29,-0.1,3,,,,,,,,,,,,,,,,,,,,,,,,,2014
290,291,Jacoby Ellsbury\ellsbja01,New York Yankees,BOS,30,15.0,7,715.0,2912.0,476.0,865.0,65.0,314.0,241.0,220.0,0.297,0.35,0.439,0.789,,,,,,,,,,,,,2014
291,292,Hiroki Kuroda\kurodhi01,New York Yankees,NYY,39,12.3,6,113.0,206.0,7.0,21.0,0.0,3.0,0.0,13.0,0.102,0.155,0.107,0.262,68.0,70.0,3.4,1.179,180.0,179.0,0.0,1120.0,1063.0,109.0,257.0,840.0,2014
292,293,Edward Mujica\mujiced01,Boston Red Sox,STL,30,4.5,8,311.0,11.0,1.0,2.0,0.0,0.0,0.0,0.0,0.182,0.182,0.182,0.364,19.0,19.0,3.75,1.1340000000000001,381.0,4.0,41.0,439.1,430.0,60.0,68.0,350.0,2014
293,294,Francisco Peguero\peguefr01,Baltimore Orioles,SFG,26,0.7,2,35.0,45.0,10.0,9.0,1.0,1.0,5.0,1.0,0.2,0.217,0.289,0.506,,,,,,,,,,,,,2014
294,295,Chad Qualls\quallch01,Houston Astros,MIA,35,1.4,10,600.0,6.0,0.0,0.0,0.0,0.0,0.0,0.0,0.0,0.0,0.0,0.0,45.0,37.0,3.79,1.281,663.0,0.0,51.0,657.1,659.0,64.0,183.0,502.0,2014
295,296,Brian Wilson\wilsobr01,Los Angeles Dodgers,LAD,32,1.0,8,328.0,9.0,0.0,0.0,0.0,0.0,0.0,0.0,0.0,0.0,0.0,0.0,22.0,21.0,3.1,1.319,333.0,0.0,171.0,333.2,294.0,17.0,146.0,353.0,2014
296,297,Scott Feldman\feldmsc01,Houston Astros,BAL,31,2.1,9,33.0,55.0,3.0,9.0,1.0,9.0,0.0,0.0,0.16399999999999998,0.16399999999999998,0.273,0.436,51.0,56.0,4.62,1.37,234.0,131.0,0.0,909.1,938.0,101.0,308.0,565.0,2014
297,298,Rafael Furcal\furcara02,Miami Marlins,STL,36,1.9,13,1605.0,6442.0,1059.0,1811.0,113.0,585.0,314.0,641.0,0.281,0.34600000000000003,0.40299999999999997,0.7490000000000001,,,,,,,,,,,,,2014
298,299,Kelly Johnson\johnske05,New York Yankees,TBR,32,4.9,8,1051.0,3664.0,540.0,926.0,124.0,442.0,79.0,439.0,0.253,0.335,0.42700000000000005,0.762,,,,,,,,,,,,,2014
299,300,Corky Miller\milleco01,Cincinnati Reds,CIN,38,0.5,11,216.0,539.0,43.0,104.0,11.0,67.0,1.0,49.0,0.193,0.27699999999999997,0.306,0.583,,,,,,,,,,,,,2014
300,301,Jarrod Saltalamacchia\saltaja01,Miami Marlins,BOS,29,5.1,7,595.0,2001.0,277.0,492.0,78.0,275.0,5.0,183.0,0.24600000000000002,0.31,0.428,0.738,,,,,,,,,,,,,2014
301,302,Nathan Adcock\adcocna01,Texas Rangers,ARI,26,0.8,2,4.0,1.0,0.0,0.0,0.0,0.0,0.0,0.0,0.0,0.0,0.0,0.0,1.0,4.0,3.79,1.463,36.0,5.0,1.0,95.0,100.0,9.0,39.0,58.0,2014
302,303,Willie Bloomquist\bloomwi01,Seattle Mariners,ARI,36,0.1,12,973.0,2689.0,381.0,730.0,17.0,207.0,131.0,183.0,0.271,0.32,0.34600000000000003,0.6659999999999999,,,,,,,,,,,,,2014
303,304,Cole Gillespie\gilleco01,Seattle Mariners,CHC,30,0.0,3,78.0,169.0,19.0,38.0,3.0,20.0,1.0,15.0,0.225,0.293,0.337,0.63,,,,,,,,,,,,,2014
304,305,Phil Hughes\hugheph01,Minnesota Twins,NYY,28,0.3,7,11.0,6.0,0.0,0.0,0.0,0.0,0.0,0.0,0.0,0.0,0.0,0.0,56.0,50.0,4.53,1.3219999999999998,182.0,132.0,3.0,780.2,787.0,112.0,245.0,656.0,2014
305,306,Jeff Manship\manshje01,Philadelphia Phillies,COL,29,-1.5,5,15.0,8.0,0.0,0.0,0.0,0.0,0.0,0.0,0.0,0.0,0.0,0.0,3.0,7.0,6.42,1.6159999999999999,52.0,10.0,0.0,116.1,144.0,17.0,44.0,74.0,2014
306,307,Wil Nieves\nievewi01,Philadelphia Phillies,ARI,36,-0.9,10,385.0,1029.0,78.0,249.0,8.0,103.0,2.0,59.0,0.242,0.28300000000000003,0.314,0.597,,,,,,,,,,,,,2014
307,308,Juan Carlos Oviedo\nunezle01,Tampa Bay Rays,TBR,32,0.6,7,207.0,1.0,0.0,0.0,0.0,0.0,0.0,0.0,0.0,0.0,0.0,0.0,18.0,20.0,4.34,1.3219999999999998,317.0,6.0,92.0,357.0,355.0,47.0,117.0,288.0,2014
308,309,Bryan Petersen\peterbr01,Texas Rangers,MIA,28,-1.2,3,,,,,,,,,,,,,,,,,,,,,,,,,2014
309,310,Jason Pridie\pridija01,Colorado Rockies,BAL,30,0.6,5,125.0,232.0,32.0,53.0,5.0,24.0,7.0,25.0,0.228,0.302,0.371,0.6729999999999999,,,,,,,,,,,,,2014
310,311,Irving Falu\faluir01,Milwaukee Brewers,KCR,31,0.6,2,25.0,89.0,14.0,30.0,0.0,7.0,0.0,4.0,0.337,0.366,0.42700000000000005,0.7929999999999999,,,,,,,,,,,,,2014
311,312,Brian Gordon\gordobr01,New York Yankees,OAK,35,0.1,5,,,,,,,,,,,,,,,,,,,,,,,,,2014
312,313,Scott Kazmir\kazmisc01,Oakland Athletics,CLE,30,0.9,9,10.0,18.0,0.0,2.0,0.0,1.0,0.0,0.0,0.111,0.111,0.111,0.222,76.0,70.0,4.16,1.3980000000000001,209.0,208.0,0.0,1180.0,1130.0,133.0,520.0,1155.0,2014
313,314,Paul Konerko\konerpa01,Chicago White Sox,CHW,38,3.4,17,2268.0,8185.0,1147.0,2297.0,434.0,1390.0,9.0,911.0,0.281,0.35600000000000004,0.491,0.847,,,,,,,,,,,,,2014
314,315,Peter Moylan\moylape01,Houston Astros,LAD,35,-0.4,8,301.0,7.0,0.0,0.0,0.0,0.0,0.0,1.0,0.0,0.125,0.0,0.125,21.0,9.0,2.8,1.3219999999999998,309.0,0.0,4.0,276.0,244.0,17.0,121.0,213.0,2014
315,316,Joe Nathan\nathajo01,Detroit Tigers,TEX,39,4.8,13,156.0,63.0,4.0,10.0,2.0,4.0,0.0,3.0,0.159,0.19399999999999998,0.302,0.496,57.0,30.0,2.76,1.09,714.0,29.0,341.0,858.2,625.0,79.0,311.0,912.0,2014
316,317,A.J. Pierzynski\pierza.01,Boston Red Sox,TEX,37,5.7,16,1763.0,6298.0,729.0,1782.0,172.0,800.0,14.0,269.0,0.28300000000000003,0.322,0.428,0.75,,,,,,,,,,,,,2014
317,318,Ryan Vogelsong\vogelry01,San Francisco Giants,SFG,36,3.1,9,189.0,195.0,17.0,30.0,0.0,7.0,0.0,12.0,0.154,0.213,0.185,0.39799999999999996,41.0,44.0,4.52,1.423,200.0,111.0,0.0,788.0,806.0,83.0,315.0,580.0,2014
318,319,Matt Angle\anglema01,Miami Marlins,LAD,28,-0.2,2,,,,,,,,,,,,,,,,,,,,,,,,,2014
319,320,Alberto Gonzalez\gonzaal03,San Diego Padres,NYY,31,-0.2,7,426.0,950.0,97.0,227.0,4.0,91.0,2.0,45.0,0.239,0.275,0.315,0.59,0.0,0.0,0.0,0.0,1.0,0.0,0.0,0.1,0.0,0.0,0.0,0.0,2014
320,321,Brian McCann\mccanbr01,New York Yankees,ATL,30,6.4,9,1105.0,3863.0,464.0,1070.0,176.0,661.0,23.0,414.0,0.27699999999999997,0.35,0.473,0.823,,,,,,,,,,,,,2014
321,322,Ricky Nolasco\nolasri01,Minnesota Twins,LAD,31,5.2,8,215.0,369.0,19.0,51.0,1.0,26.0,0.0,21.0,0.138,0.187,0.179,0.366,89.0,75.0,4.37,1.288,229.0,212.0,0.0,1312.2,1385.0,153.0,306.0,1076.0,2014
322,323,Matt Pagnozzi\pagnoma01,Milwaukee Brewers,HOU,31,-0.3,4,42.0,92.0,8.0,25.0,1.0,13.0,0.0,5.0,0.272,0.32299999999999995,0.326,0.649,,,,,,,,,,,,,2014
323,324,Manny Delcarmen\delcama01,Washington Nationals,BAL,32,,8,,,,,,,,,,,,,,,,,,,,,,,,,2014
324,325,Argenis Diaz\diazar01,Cincinnati Reds,DET,27,,3,,,,,,,,,,,,,,,,,,,,,,,,,2014
325,326,Jose Molina\molinjo01,Tampa Bay Rays,TBR,39,2.1,14,867.0,2321.0,236.0,552.0,39.0,213.0,17.0,140.0,0.23800000000000002,0.287,0.34,0.627,,,,,,,,,,,,,2014
326,327,Dioner Navarro\navardi01,Toronto Blue Jays,CHC,30,2.1,10,715.0,2251.0,239.0,565.0,54.0,243.0,10.0,193.0,0.251,0.313,0.371,0.684,,,,,,,,,,,,,2014
327,328,Brendan Ryan\ryanbr01,New York Yankees,NYY,32,7.9,7,783.0,2368.0,288.0,562.0,19.0,187.0,67.0,189.0,0.237,0.299,0.32,0.619,,,,,,,,,,,,,2014
328,329,Manny Parra\parrama01,Cincinnati Reds,CIN,31,-0.3,6,216.0,144.0,10.0,27.0,0.0,13.0,0.0,6.0,0.188,0.22899999999999998,0.278,0.507,28.0,36.0,4.97,1.608,229.0,74.0,0.0,559.0,622.0,64.0,277.0,535.0,2014
329,330,Zach Putnam\putnaza01,Chicago White Sox,CHC,26,-0.3,3,7.0,0.0,0.0,0.0,0.0,0.0,0.0,0.0,,,,,1.0,1.0,8.53,1.8159999999999998,15.0,0.0,0.0,12.2,22.0,2.0,1.0,13.0,2014
330,331,Joe Smith\smithjo05,Los Angeles Angels of Anaheim,CLE,30,5.4,7,152.0,2.0,0.0,0.0,0.0,0.0,0.0,0.0,0.0,0.0,0.0,0.0,27.0,16.0,2.97,1.2570000000000001,439.0,0.0,3.0,378.2,318.0,25.0,158.0,311.0,2014
331,332,Adron Chambers\chambad01,Houston Astros,STL,27,-0.3,3,84.0,88.0,11.0,19.0,0.0,9.0,2.0,8.0,0.21600000000000003,0.289,0.295,0.584,,,,,,,,,,,,,2014
332,333,Javier Lopez\lopezja02,San Francisco Giants,SFG,36,2.5,11,441.0,11.0,1.0,1.0,0.0,1.0,0.0,0.0,0.091,0.091,0.091,0.182,27.0,13.0,3.64,1.385,629.0,0.0,13.0,429.2,410.0,20.0,185.0,295.0,2014
333,334,Skip Schumaker\schumsk01,Cincinnati Reds,LAD,34,0.2,9,935.0,2761.0,371.0,788.0,25.0,241.0,22.0,239.0,0.285,0.344,0.37200000000000005,0.715,0.0,0.0,6.0,2.667,3.0,0.0,0.0,3.0,4.0,1.0,4.0,3.0,2014
334,335,Chris Young\youngch04,New York Mets,OAK,30,6.3,8,992.0,3508.0,499.0,825.0,144.0,448.0,122.0,396.0,0.235,0.315,0.431,0.746,,,,,,,,,,,,,2014
335,336,Hector Gimenez\gimenhe01,Chicago White Sox,CHW,31,0.1,4,37.0,88.0,9.0,19.0,2.0,11.0,0.0,7.0,0.21600000000000003,0.28,0.33,0.61,,,,,,,,,,,,,2014
336,337,Dan Haren\harenda01,Los Angeles Dodgers,WSN,33,4.2,11,159.0,311.0,25.0,67.0,2.0,29.0,0.0,9.0,0.215,0.24,0.312,0.552,129.0,111.0,3.74,1.186,327.0,316.0,1.0,2046.1,2000.0,247.0,426.0,1736.0,2014
337,338,Mike Hessman\hessmmi01,Detroit Tigers,CIN,36,,10,,,,,,,,,,,,,,,,,,,,,,,,,2014
338,339,David Murphy\murphda07,Cleveland Indians,TEX,32,4.3,8,849.0,2690.0,362.0,739.0,86.0,364.0,52.0,260.0,0.275,0.337,0.441,0.778,0.0,0.0,0.0,1.0,1.0,0.0,0.0,1.0,1.0,0.0,0.0,1.0,2014
339,340,Jhonny Peralta\peraljh01,St. Louis Cardinals,DET,32,8.2,11,1383.0,5117.0,676.0,1369.0,156.0,698.0,13.0,474.0,0.268,0.33,0.425,0.755,,,,,,,,,,,,,2014
340,341,Mauricio Robles\roblema01,Chicago White Sox,PHI,25,0.0,1,3.0,0.0,0.0,0.0,0.0,0.0,0.0,0.0,,,,,0.0,0.0,1.93,2.1430000000000002,3.0,0.0,0.0,4.2,7.0,0.0,3.0,6.0,2014
341,342,Eduardo Sanchez\sanched01,Detroit Tigers,CHC,25,0.6,3,44.0,2.0,0.0,0.0,0.0,0.0,0.0,0.0,0.0,0.0,0.0,0.0,3.0,3.0,3.68,1.247,47.0,0.0,5.0,51.1,30.0,4.0,34.0,53.0,2014
342,343,Bobby Wilson\wilsobo02,Arizona Diamondbacks,NYY,31,0.9,5,191.0,389.0,36.0,81.0,8.0,37.0,0.0,34.0,0.20800000000000002,0.272,0.321,0.593,,,,,,,,,,,,,2014
343,344,Russ Canzler\canzlru01,New York Yankees,PIT,28,0.1,2,,,,,,,,,,,,,,,,,,,,,,,,,2014
344,345,Colby Lewis\lewisco01,Texas Rangers,TEX,34,3.9,8,12.0,20.0,1.0,5.0,0.0,4.0,0.0,0.0,0.25,0.25,0.3,0.55,44.0,44.0,4.76,1.367,152.0,114.0,0.0,723.2,730.0,108.0,259.0,613.0,2014
345,346,Darnell McDonald\mcdonda02,Chicago Cubs,CHC,35,0.3,7,331.0,764.0,102.0,191.0,20.0,83.0,14.0,68.0,0.25,0.314,0.397,0.711,,,,,,,,,,,,,2014
346,347,Denis Phipps\phippde01,Chicago White Sox,CIN,28,0.0,1,,,,,,,,,,,,,,,,,,,,,,,,,2014
347,348,Jess Todd\toddje01,Arizona Diamondbacks,DET,28,,4,,,,,,,,,,,,,,,,,,,,,,,,,2014
348,349,Mike Zagurski\zagurmi01,Cleveland Indians,OAK,31,-0.9,5,82.0,0.0,0.0,0.0,0.0,0.0,0.0,0.0,,,,,1.0,0.0,7.05,1.739,89.0,0.0,0.0,75.1,85.0,11.0,46.0,75.0,2014
349,350,Jairo Asencio\valdelu01,Chicago White Sox,BAL,31,-0.5,4,17.0,0.0,0.0,0.0,0.0,0.0,0.0,0.0,,,,,1.0,2.0,5.34,1.599,43.0,0.0,0.0,55.2,61.0,7.0,28.0,41.0,2014
350,351,LaTroy Hawkins\hawkila01,Colorado Rockies,NYM,41,1.6,19,451.0,6.0,0.0,0.0,0.0,0.0,0.0,0.0,0.0,0.0,0.0,0.0,68.0,90.0,4.37,1.4169999999999998,943.0,98.0,101.0,1374.1,1511.0,156.0,436.0,917.0,2014
351,352,Yamaico Navarro\navarya01,New York Yankees,BAL,26,0.1,4,79.0,180.0,19.0,37.0,2.0,20.0,0.0,14.0,0.20600000000000002,0.258,0.267,0.524,,,,,,,,,,,,,2014
352,353,Carlos Ruiz\ruizca01,Philadelphia Phillies,PHI,35,9.1,8,825.0,2548.0,304.0,699.0,57.0,336.0,16.0,288.0,0.27399999999999997,0.358,0.41200000000000003,0.77,,,,,,,,,,,,,2014
353,354,Brandon Snyder\snydebr03,Boston Red Sox,BOS,27,-0.3,4,83.0,148.0,19.0,36.0,5.0,20.0,0.0,6.0,0.243,0.287,0.39899999999999997,0.685,,,,,,,,,,,,,2014
354,355,Ali Solis\solisal01,Tampa Bay Rays,PIT,26,-0.1,1,5.0,4.0,0.0,0.0,0.0,0.0,0.0,0.0,0.0,0.0,0.0,0.0,,,,,,,,,,,,,2014
355,356,Daniel Stange\stangda01,Washington Nationals,LAA,28,-0.2,2,4.0,0.0,0.0,0.0,0.0,0.0,0.0,0.0,,,,,0.0,1.0,14.29,2.471,7.0,0.0,0.0,5.2,6.0,2.0,8.0,3.0,2014
356,357,Jason Vargas\vargaja01,Kansas City Royals,LAA,31,6.2,8,40.0,61.0,6.0,16.0,0.0,4.0,0.0,3.0,0.262,0.297,0.311,0.608,51.0,58.0,4.3,1.319,174.0,154.0,0.0,979.2,991.0,125.0,301.0,639.0,2014
357,358,Collin Balester\balesco01,Pittsburgh Pirates,TEX,28,-0.7,5,60.0,27.0,1.0,4.0,0.0,1.0,0.0,2.0,0.14800000000000002,0.233,0.14800000000000002,0.381,7.0,16.0,5.3,1.465,73.0,22.0,0.0,185.0,193.0,36.0,78.0,144.0,2014
358,359,Andres Blanco\blancan01,Philadelphia Phillies,PHI,30,0.2,6,235.0,591.0,65.0,151.0,3.0,47.0,1.0,33.0,0.255,0.301,0.33299999999999996,0.634,,,,,,,,,,,,,2014
359,360,Reid Brignac\brignre01,Philadelphia Phillies,COL,28,-2.9,6,302.0,763.0,74.0,169.0,11.0,73.0,8.0,39.0,0.221,0.262,0.311,0.573,,,,,,,,,,,,,2014
360,361,Edgmer Escalona\escaled01,Baltimore Orioles,COL,27,0.2,4,76.0,9.0,0.0,0.0,0.0,0.0,0.0,0.0,0.0,0.0,0.0,0.0,1.0,5.0,4.5,1.28,78.0,0.0,0.0,100.0,96.0,16.0,32.0,71.0,2014
361,362,Brandon Hicks\hicksbr01,San Francisco Giants,NYM,28,-0.4,3,55.0,90.0,16.0,12.0,3.0,8.0,1.0,8.0,0.133,0.204,0.289,0.493,,,,,,,,,,,,,2014
362,363,Josh Johnson\johnsjo09,San Diego Padres,TOR,30,5.3,9,149.0,272.0,14.0,34.0,3.0,25.0,0.0,14.0,0.125,0.168,0.17600000000000002,0.344,58.0,45.0,3.4,1.268,170.0,160.0,0.0,998.0,927.0,74.0,338.0,915.0,2014
363,364,Josh Kinney\kinnejo01,Pittsburgh Pirates,SEA,35,0.1,7,,,,,,,,,,,,,,,,,,,,,,,,,2014
364,365,Luis Martinez\martilu02,Los Angeles Angels of Anaheim,BAL,29,-0.3,2,,,,,,,,,,,,,,,,,,,,,,,,,2014
365,366,Casper Wells\wellsca01,Chicago Cubs,PHI,29,1.4,4,276.0,688.0,92.0,158.0,25.0,81.0,6.0,57.0,0.23,0.299,0.395,0.6940000000000001,0.0,1.0,27.0,4.2,2.0,0.0,0.0,1.2,3.0,0.0,4.0,1.0,2014
366,367,Brandon Allen\allenbr01,New York Mets,SDP,28,-0.3,4,,,,,,,,,,,,,,,,,,,,,,,,,2014
367,368,Miguel Perez\perezmi02,Pittsburgh Pirates,PIT,30,,8,,,,,,,,,,,,,,,,,,,,,,,,,2014
368,369,Chris Valaika\valaich01,Chicago Cubs,MIA,28,-0.5,3,55.0,127.0,10.0,31.0,2.0,11.0,0.0,6.0,0.244,0.281,0.36200000000000004,0.644,,,,,,,,,,,,,2014
369,370,P.J. Walters\waltepj01,Kansas City Royals,MIN,29,-1.1,5,19.0,10.0,0.0,0.0,0.0,0.0,0.0,1.0,0.0,0.091,0.0,0.091,6.0,10.0,6.28,1.579,40.0,24.0,0.0,152.0,178.0,29.0,62.0,104.0,2014
370,371,Greg Burke\burkegr01,Colorado Rockies,NYM,31,-1.3,2,75.0,2.0,0.0,0.0,0.0,0.0,0.0,0.0,0.0,0.0,0.0,0.0,3.0,6.0,4.77,1.6680000000000001,80.0,0.0,0.0,77.1,91.0,7.0,38.0,61.0,2014
371,372,Brendan Harris\harribr01,Los Angeles Dodgers,TEX,33,-0.4,8,529.0,1694.0,208.0,434.0,33.0,167.0,5.0,132.0,0.256,0.314,0.381,0.695,,,,,,,,,,,,,2014
372,373,Tim Hudson\hudsoti01,San Francisco Giants,ATL,38,6.0,15,247.0,522.0,32.0,89.0,3.0,40.0,0.0,23.0,0.17,0.20600000000000002,0.22399999999999998,0.43,205.0,111.0,3.44,1.2329999999999999,427.0,426.0,0.0,2813.2,2624.0,220.0,846.0,1896.0,2014
373,374,Alex Liddi\liddial01,Chicago White Sox,BAL,25,-0.1,3,61.0,173.0,15.0,36.0,6.0,16.0,3.0,13.0,0.20800000000000002,0.266,0.37,0.636,,,,,,,,,,,,,2014
374,375,Jhan Marinez\marinjh01,Detroit Tigers,CHW,25,0.2,2,4.0,0.0,0.0,0.0,0.0,0.0,0.0,0.0,,,,,1.0,1.0,3.38,1.875,6.0,0.0,0.0,5.1,5.0,1.0,5.0,4.0,2014
375,376,Fernando Nieve\nievefe01,Oakland Athletics,OAK,31,,7,,,,,,,,,,,,,,,,,,,,,,,,,2014
376,377,Clint Robinson\robincl01,Los Angeles Dodgers,TOR,29,-0.1,1,4.0,4.0,0.0,0.0,0.0,0.0,0.0,0.0,0.0,0.0,0.0,0.0,,,,,,,,,,,,,2014
377,378,Bobby Cassevah\cassebo01,Colorado Rockies,COL,28,0.4,3,,,,,,,,,,,,,,,,,,,,,,,,,2014
378,379,Mark Lowe\lowema01,Tampa Bay Rays,WSN,31,-0.1,8,15.0,1.0,0.0,0.0,0.0,0.0,0.0,0.0,0.0,0.0,0.0,0.0,8.0,20.0,4.17,1.4469999999999998,264.0,0.0,5.0,274.1,273.0,29.0,124.0,236.0,2014
379,380,Matt McBride\mcbrima02,Colorado Rockies,COL,29,-1.1,1,31.0,78.0,8.0,16.0,2.0,11.0,0.0,1.0,0.205,0.222,0.308,0.53,,,,,,,,,,,,,2014
380,381,Cesar Jimenez\jimence01,Philadelphia Phillies,PHI,29,0.2,4,19.0,0.0,0.0,0.0,0.0,0.0,0.0,0.0,,,,,2.0,3.0,4.96,1.454,62.0,3.0,0.0,65.1,65.0,7.0,30.0,47.0,2014
381,382,Dan Johnson\johnsda06,Toronto Blue Jays,BAL,34,-0.5,8,416.0,1325.0,170.0,313.0,56.0,194.0,1.0,205.0,0.23600000000000002,0.337,0.41100000000000003,0.747,,,,,,,,,,,,,2014
382,383,Melvin Dorta\dortame01,Washington Nationals,WSN,32,,7,,,,,,,,,,,,,,,,,,,,,,,,,2014
383,384,Brad Snyder\snydebr02,Texas Rangers,ARI,32,-0.2,2,20.0,36.0,2.0,6.0,0.0,5.0,0.0,1.0,0.16699999999999998,0.18899999999999997,0.19399999999999998,0.384,,,,,,,,,,,,,2014
384,385,Jason Berken\berkeja01,San Francisco Giants,CHW,30,-0.6,4,,,,,,,,,,,,,,,,,,,,,,,,,2014
385,386,Pedro Hernandez\hernape02,Colorado Rockies,MIN,25,-1.1,2,0.0,0.0,0.0,0.0,0.0,0.0,0.0,0.0,,,,,3.0,4.0,7.57,1.912,15.0,13.0,0.0,60.2,92.0,13.0,24.0,31.0,2014
386,387,Ronny Paulino\pauliro01,Detroit Tigers,DET,33,-0.7,8,,,,,,,,,,,,,,,,,,,,,,,,,2014
387,388,Nick Punto\puntoni01,Oakland Athletics,LAD,36,4.5,13,1090.0,3055.0,400.0,757.0,17.0,249.0,101.0,361.0,0.248,0.325,0.325,0.65,,,,,,,,,,,,,2014
388,389,Guillermo Quiroz\quirogu01,San Francisco Giants,SFG,32,-0.5,9,146.0,343.0,24.0,69.0,3.0,34.0,1.0,22.0,0.201,0.258,0.28,0.5379999999999999,,,,,,,,,,,,,2014
389,390,Clete Thomas\thomacl02,Philadelphia Phillies,MIN,30,0.0,4,249.0,709.0,95.0,165.0,13.0,65.0,6.0,77.0,0.233,0.311,0.353,0.664,,,,,,,,,,,,,2014
390,391,J.C. Boscan\boscajc01,Los Angeles Dodgers,CHC,34,0.0,4,17.0,28.0,2.0,7.0,0.0,2.0,0.0,1.0,0.25,0.3,0.28600000000000003,0.586,,,,,,,,,,,,,2014
391,392,Marlon Byrd\byrdma01,Philadelphia Phillies,PIT,36,5.8,12,1250.0,4367.0,600.0,1222.0,106.0,533.0,51.0,307.0,0.28,0.336,0.425,0.7609999999999999,,,,,,,,,,,,,2014
392,393,Brayan Pena\penabr01,Cincinnati Reds,DET,32,0.2,9,406.0,1113.0,96.0,287.0,18.0,120.0,2.0,55.0,0.258,0.292,0.359,0.6509999999999999,,,,,,,,,,,,,2014
393,394,Eli Whiteside\whiteel03,Chicago Cubs,TEX,34,-0.6,5,208.0,489.0,52.0,105.0,10.0,43.0,3.0,31.0,0.215,0.273,0.335,0.608,,,,,,,,,,,,,2014
394,395,Shawn Camp\campsh01,Philadelphia Phillies,ARI,38,0.2,10,125.0,1.0,0.0,1.0,0.0,0.0,0.0,0.0,1.0,1.0,1.0,2.0,29.0,33.0,4.4,1.445,538.0,0.0,12.0,589.0,675.0,64.0,176.0,402.0,2014
395,396,Jonathan Diaz\diazjo02,Toronto Blue Jays,BOS,29,-0.1,1,5.0,4.0,2.0,0.0,0.0,0.0,0.0,0.0,0.0,0.0,0.0,0.0,,,,,,,,,,,,,2014
396,397,Wade LeBlanc\leblawa01,Los Angeles Angels of Anaheim,HOU,29,1.0,6,89.0,111.0,6.0,28.0,0.0,2.0,0.0,3.0,0.252,0.278,0.261,0.54,20.0,32.0,4.51,1.439,96.0,68.0,0.0,417.0,448.0,58.0,152.0,281.0,2014
397,398,Steven Lerud\lerudst01,Atlanta Braves,PHI,29,-0.2,2,9.0,15.0,1.0,2.0,0.0,0.0,0.0,0.0,0.133,0.133,0.133,0.267,,,,,,,,,,,,,2014
398,399,Jim Miller\milleji02,New York Yankees,NYY,32,1.0,4,8.0,0.0,0.0,0.0,0.0,0.0,0.0,0.0,,,,,2.0,3.0,2.78,1.4069999999999998,48.0,0.0,1.0,64.2,54.0,7.0,37.0,57.0,2014
399,400,Scott Moore\mooresc02,St. Louis Cardinals,SDP,30,0.0,7,,,,,,,,,,,,,,,,,,,,,,,,,2014
400,401,Antoan Richardson\richaan01,New York Yankees,MIN,30,0.1,1,9.0,4.0,2.0,2.0,0.0,0.0,1.0,0.0,0.5,0.5,0.5,1.0,,,,,,,,,,,,,2014
401,402,Tommy Layne\layneto01,Boston Red Sox,SDP,29,0.4,2,40.0,0.0,0.0,0.0,0.0,0.0,0.0,0.0,,,,,2.0,2.0,2.84,1.0659999999999998,40.0,0.0,2.0,25.1,19.0,1.0,8.0,31.0,2014
402,403,Joel Carreno\carrejo01,New York Mets,TOR,27,0.4,2,,,,,,,,,,,,,,,,,,,,,,,,,2014
403,404,Juan Diaz\diazju02,Miami Marlins,CLE,25,-0.3,1,,,,,,,,,,,,,,,,,,,,,,,,,2014
404,405,Mike McCoy\mccoymi01,Boston Red Sox,TOR,33,0.8,4,,,,,,,,,,,,,,,,,,,,,,,,,2014
405,406,Juan Perez\perezju01,Toronto Blue Jays,TOR,35,0.0,5,43.0,1.0,0.0,0.0,0.0,0.0,0.0,0.0,0.0,0.0,0.0,0.0,2.0,4.0,4.25,1.449,61.0,0.0,0.0,59.1,49.0,8.0,37.0,64.0,2014
406,407,David Purcey\purceda01,Chicago White Sox,CHW,32,0.5,5,7.0,1.0,0.0,0.0,0.0,0.0,0.0,0.0,0.0,0.0,0.0,0.0,7.0,13.0,4.98,1.5390000000000001,111.0,21.0,1.0,206.0,199.0,22.0,118.0,174.0,2014
407,408,Max Ramirez\ramirma03,Cincinnati Reds,KCR,29,,5,,,,,,,,,,,,,,,,,,,,,,,,,2014
408,409,Clayton Mortensen\mortecl01,Kansas City Royals,KCR,29,0.7,5,19.0,16.0,1.0,0.0,0.0,1.0,0.0,1.0,0.0,0.055999999999999994,0.0,0.055999999999999994,6.0,11.0,4.68,1.44,74.0,13.0,0.0,167.1,167.0,26.0,74.0,112.0,2014
409,410,Mason Tobin\tobinma01,San Francisco Giants,SFG,26,-0.1,2,,,,,,,,,,,,,,,,,,,,,,,,,2014
410,411,Chris Volstad\volstch01,Los Angeles Angels of Anaheim,COL,27,-1.5,6,125.0,201.0,11.0,28.0,0.0,7.0,0.0,2.0,0.139,0.14800000000000002,0.16899999999999998,0.317,35.0,51.0,4.94,1.454,130.0,123.0,0.0,703.2,775.0,89.0,248.0,442.0,2014
411,412,Mike Wilson\wilsomi02,Cincinnati Reds,SDP,31,-0.3,2,,,,,,,,,,,,,,,,,,,,,,,,,2014
412,413,Ross Wolf\wolfro01,Texas Rangers,TEX,31,0.1,3,15.0,1.0,0.0,0.0,0.0,0.0,0.0,0.0,0.0,0.0,0.0,0.0,1.0,4.0,5.45,1.624,47.0,3.0,0.0,72.2,94.0,10.0,24.0,36.0,2014
413,414,Geovany Soto\sotoge01,Texas Rangers,TEX,31,2.9,9,656.0,2135.0,264.0,529.0,91.0,311.0,3.0,274.0,0.248,0.335,0.439,0.774,,,,,,,,,,,,,2014
414,415,Jason Frasor\frasoja01,Texas Rangers,TEX,36,2.6,10,38.0,0.0,0.0,0.0,0.0,0.0,0.0,0.0,,,,,30.0,34.0,3.67,1.3090000000000002,586.0,0.0,36.0,571.1,501.0,52.0,247.0,547.0,2014
415,416,Jason Giambi\giambja01,Cleveland Indians,CLE,43,0.2,19,2234.0,7207.0,1224.0,2002.0,438.0,1436.0,20.0,1357.0,0.278,0.4,0.519,0.919,,,,,,,,,,,,,2014
416,417,JC Ramirez\ramirjc01,Cleveland Indians,PHI,25,-0.7,1,17.0,1.0,0.0,0.0,0.0,0.0,0.0,0.0,0.0,0.0,0.0,0.0,0.0,1.0,7.5,1.875,18.0,0.0,0.0,24.0,30.0,6.0,15.0,16.0,2014
417,418,Andy LaRoche\larocan01,Toronto Blue Jays,TOR,30,-0.2,6,404.0,1184.0,133.0,267.0,22.0,113.0,8.0,121.0,0.226,0.304,0.336,0.64,,,,,,,,,,,,,2014
418,419,Jorge De Leon\deleojo02,Houston Astros,HOU,26,-0.1,1,0.0,0.0,0.0,0.0,0.0,0.0,0.0,0.0,,,,,0.0,1.0,5.4,1.9,11.0,0.0,0.0,10.0,12.0,1.0,7.0,6.0,2014
419,420,Philip Humber\humbeph01,Oakland Athletics,HOU,31,0.6,8,9.0,11.0,0.0,1.0,0.0,1.0,0.0,0.0,0.091,0.091,0.091,0.182,16.0,23.0,5.31,1.42,97.0,51.0,0.0,371.0,398.0,53.0,129.0,272.0,2014
420,421,Blake Lalli\lallibl01,Arizona Diamondbacks,MIL,31,-0.9,2,22.0,39.0,2.0,5.0,0.0,4.0,0.0,1.0,0.128,0.15,0.128,0.278,,,,,,,,,,,,,2014
421,422,Jason Bourgeois\bourgja01,Cincinnati Reds,TBR,32,0.4,6,231.0,479.0,64.0,124.0,3.0,29.0,51.0,32.0,0.259,0.305,0.326,0.631,,,,,,,,,,,,,2014
422,423,Luke Montz\montzlu01,Oakland Athletics,OAK,30,-0.3,2,23.0,49.0,4.0,8.0,2.0,8.0,0.0,6.0,0.163,0.25,0.34700000000000003,0.597,,,,,,,,,,,,,2014
423,424,Doug Bernier\bernido01,Minnesota Twins,MIN,34,0.6,2,35.0,57.0,9.0,12.0,0.0,5.0,2.0,8.0,0.21100000000000002,0.318,0.263,0.581,,,,,,,,,,,,,2014
424,425,Ryan Langerhans\langery01,Toronto Blue Jays,TOR,34,-0.6,11,597.0,1250.0,177.0,283.0,33.0,125.0,11.0,192.0,0.226,0.33299999999999996,0.371,0.7040000000000001,,,,,,,,,,,,,2014
