Player,Team,Age,G,GS,CG,SHO,IP,H,ER,K,BB,HR,W,L,SV,BS,HLD,ERA,WHIP
Justin Verlander,DET,36,34,34,4,2,251.0,174,67,250,57,24,24,5,0,0,0,2.40,0.92
James Shields,TB,38,33,33,11,4,249.1,195,78,225,65,26,16,12,0,0,0,2.82,1.04
Dan Haren,LAA,39,35,34,4,3,238.1,211,84,192,33,20,16,10,0,0,0,3.17,1.02
Chris Carpenter,STL,44,34,34,4,2,237.1,243,91,191,55,16,11,9,0,0,0,3.45,1.26
CC Sabathia,NYY,39,33,33,3,1,237.1,230,79,230,61,17,19,8,0,0,0,3.00,1.23
Jered Weaver,LAA,37,33,33,4,2,235.2,182,63,198,56,20,18,8,0,0,0,2.41,1.01
Felix Hernandez,SEA,33,33,33,5,0,233.2,218,90,222,67,19,14,14,0,0,0,3.47,1.22
Roy Halladay,PHI,42,32,32,8,1,233.2,208,61,220,35,10,19,6,0,0,0,2.35,1.04
Clayton Kershaw,LAD,31,33,33,5,2,233.1,174,59,248,54,15,21,5,0,0,0,2.28,0.98
Cliff Lee,PHI,41,32,32,6,6,232.2,197,62,238,42,18,17,8,0,0,0,2.40,1.03
Ervin Santana,LAA,37,33,33,4,1,228.2,207,86,178,72,26,11,12,0,0,0,3.38,1.22
Ricky Romero,TOR,35,32,32,4,2,225.0,176,73,178,80,26,15,11,0,0,0,2.92,1.14
David Price,TB,34,34,34,0,0,224.1,192,87,218,63,22,12,13,0,0,0,3.49,1.14
C.J. Wilson,TEX,39,34,34,3,1,223.1,191,73,206,74,16,16,7,0,0,0,2.94,1.19
Carl Pavano,MIN,44,33,33,3,1,222.0,262,106,102,40,23,9,13,0,0,0,4.30,1.36
Ian Kennedy,ARI,35,33,33,1,1,222.0,186,71,198,55,19,21,4,0,0,0,2.88,1.09
Daniel Hudson,ARI,32,33,33,3,0,222.0,217,86,169,50,17,16,12,0,0,0,3.49,1.20
Matt Cain,SF,35,33,33,1,0,221.2,177,71,179,63,9,12,11,0,0,0,2.88,1.08
Tim Lincecum,SF,35,33,33,1,1,217.0,176,66,220,86,15,13,14,0,0,0,2.74,1.21
Justin Masterson,CLE,34,34,33,1,0,216.0,211,77,158,65,11,12,10,0,0,0,3.21,1.28
Cole Hamels,PHI,36,32,31,3,0,216.0,169,67,194,44,19,14,9,0,0,0,2.79,0.99
Brett Myers,HOU,39,34,33,2,0,216.0,226,107,160,57,31,7,14,0,0,0,4.46,1.31
Tim Hudson,ATL,44,33,33,1,1,215.0,189,77,158,56,14,16,10,0,0,0,3.22,1.14
Randy Wolf,MIL,43,33,33,0,0,212.1,214,87,134,66,23,13,10,0,0,0,3.69,1.32
Joe Saunders,ARI,38,33,33,1,0,212.0,210,87,108,67,29,12,13,0,0,0,3.69,1.31
R.A. Dickey,NYM,45,33,32,1,0,208.2,202,76,134,54,18,8,13,0,0,1,3.28,1.23
Jeremy Guthrie,BAL,40,34,32,2,0,208.0,213,100,130,66,26,9,17,0,0,0,4.33,1.34
Trevor Cahill,OAK,31,34,34,0,0,207.2,214,96,147,82,19,12,14,0,0,0,4.16,1.43
Yovani Gallardo,MIL,33,33,33,1,1,207.1,193,81,207,59,27,17,10,0,0,0,3.52,1.22
Ricky Nolasco,FLA,37,33,33,2,1,206.0,244,107,148,44,20,10,12,0,0,0,4.67,1.40
Mark Buehrle,CWS,40,31,31,0,0,205.1,221,82,109,45,21,13,9,0,0,0,3.59,1.30
Madison Bumgarner,SF,30,33,33,0,0,204.2,202,73,191,46,12,13,13,0,0,0,3.21,1.21
Ryan Dempster,CHC,42,34,34,0,0,202.1,211,108,191,82,23,10,14,0,0,0,4.80,1.45
Gio Gonzalez,OAK,34,32,32,0,0,202.0,175,70,197,91,17,16,12,0,0,0,3.12,1.32
Hiroki Kuroda,LAD,45,32,32,0,0,202.0,196,69,161,49,24,13,16,0,0,0,3.07,1.21
Jason Vargas,SEA,37,32,32,4,3,201.0,205,95,131,59,22,10,13,0,0,0,4.25,1.31
Shaun Marcum,MIL,38,33,33,0,0,200.2,175,79,158,57,22,13,7,0,0,0,3.54,1.16
Colby Lewis,TEX,40,32,32,2,1,200.1,187,98,169,56,35,14,10,0,0,0,4.40,1.21
Bronson Arroyo,CIN,42,32,32,1,1,199.0,227,112,108,45,46,9,12,0,0,0,5.07,1.37
Luke Hochevar,KC,36,31,31,0,0,198.0,192,103,128,62,23,11,11,0,0,0,4.68,1.28
Matt Garza,CHC,36,31,31,2,0,198.0,186,73,197,63,14,10,10,0,0,0,3.32,1.26
Derek Holland,TEX,33,32,32,4,4,198.0,201,87,162,67,22,16,5,0,0,0,3.95,1.35
Anibal Sanchez,FLA,35,32,32,3,2,196.1,187,80,202,64,20,8,9,0,0,0,3.67,1.28
Max Scherzer,DET,35,33,33,0,0,195.0,207,96,174,56,29,15,9,0,0,0,4.43,1.35
Jaime Garcia,STL,33,32,32,2,2,194.2,207,77,156,50,15,13,7,0,0,0,3.56,1.32
Mat Latos,SD,32,31,31,0,0,194.1,168,75,185,62,16,9,14,0,0,0,3.47,1.18
Jhoulys Chacin,COL,32,31,31,2,1,194.0,168,78,150,87,20,11,14,0,0,0,3.62,1.31
Mike Pelfrey,NYM,36,34,33,2,0,193.2,220,102,105,65,21,7,13,0,0,0,4.74,1.47
Gavin Floyd,CWS,37,31,30,1,0,193.2,180,94,151,45,22,12,13,0,0,0,4.37,1.16
Josh Beckett,BOS,39,30,30,1,1,193.0,146,62,175,52,21,13,7,0,0,0,2.89,1.03
Ted Lilly,LAD,44,33,33,0,0,192.2,172,85,158,51,28,12,14,0,0,0,3.97,1.16
Javier Vazquez,FLA,43,32,32,2,1,192.2,178,79,162,50,21,13,11,0,0,0,3.69,1.18
Jon Lester,BOS,36,31,31,0,0,191.2,166,74,182,75,20,15,9,0,0,0,3.47,1.26
Wandy Rodriguez,HOU,41,30,30,0,0,191.0,182,74,166,69,25,11,11,0,0,0,3.49,1.31
A.J. Burnett,NYY,43,33,32,0,0,190.1,190,109,173,83,31,11,11,0,0,0,5.15,1.43
Jeremy Hellickson,TB,32,29,29,2,1,189.0,146,62,117,72,21,13,10,0,0,0,2.95,1.15
Roberto Hernandez,CLE,39,32,32,0,0,188.2,205,110,109,60,22,7,15,0,0,0,5.25,1.40
Kyle Lohse,STL,41,30,30,1,1,188.1,178,71,111,42,16,14,8,0,0,0,3.39,1.17
Chad Billingsley,LAD,35,32,32,1,0,188.0,189,88,152,84,14,11,11,0,0,0,4.21,1.45
Derek Lowe,ATL,46,34,34,0,0,187.0,212,105,137,70,14,9,17,0,0,0,5.05,1.51
Chris Capuano,NYM,41,33,31,1,1,186.0,198,94,168,53,27,11,12,0,0,1,4.55,1.35
Bud Norris,HOU,34,31,31,0,0,186.0,177,78,176,70,24,6,11,0,0,0,3.77,1.33
Matt Harrison,TEX,34,31,30,0,0,185.2,180,70,126,57,13,14,9,0,0,0,3.39,1.28
Tim Stauffer,SD,37,31,31,0,0,185.2,180,77,128,53,20,9,12,0,0,0,3.73,1.25
John Lannan,WAS,35,33,33,0,0,184.2,194,76,106,76,15,10,13,0,0,0,3.70,1.46
Wade Davis,TB,34,29,29,1,0,184.0,190,91,105,63,23,11,10,0,0,0,4.45,1.38
Jake Westbrook,STL,42,33,33,0,0,183.1,208,95,104,73,16,12,9,0,0,0,4.66,1.53
Jeff Francis,KC,39,31,31,1,0,183.0,224,98,91,39,19,6,16,0,0,0,4.82,1.44
Rick Porcello,DET,31,31,31,0,0,182.0,210,96,104,46,18,14,9,0,0,0,4.75,1.41
Brad Penny,DET,41,31,31,0,0,181.2,222,107,74,62,24,11,11,0,0,0,5.30,1.56
Ryan Vogelsong,SF,42,30,28,1,1,179.2,164,54,139,61,15,13,7,0,0,0,2.71,1.25
Brandon Morrow,TOR,35,30,30,0,0,179.1,162,94,203,69,21,11,11,0,0,0,4.72,1.29
Livan Hernandez,WAS,44,29,29,1,1,175.1,199,87,99,46,16,8,13,0,0,0,4.47,1.40
Zack Greinke,MIL,36,28,28,0,0,171.2,161,73,201,45,19,16,6,0,0,0,3.83,1.20
Charlie Morton,PIT,36,29,29,2,1,171.2,186,73,110,77,6,10,10,0,0,0,3.83,1.53
James McDonald,PIT,35,31,31,0,0,171.0,176,80,142,78,24,9,9,0,0,0,4.21,1.49
Michael Pineda,SEA,31,28,28,0,0,171.0,133,71,173,55,18,9,10,0,0,0,3.74,1.10
Brandon McCarthy,OAK,36,25,25,5,1,170.2,168,63,123,25,11,9,9,0,0,0,3.32,1.13
Aaron Harang,SD,41,28,28,0,0,170.2,175,69,124,58,20,14,7,0,0,0,3.64,1.37
John Danks,CWS,34,27,27,2,1,170.1,182,82,135,46,19,8,12,0,0,0,4.33,1.34
Jason Hammel,COL,37,32,27,0,0,170.1,175,90,94,68,21,7,13,1,0,0,4.76,1.43
Alexi Ogando,TEX,36,31,29,1,1,169.0,149,66,126,43,16,13,8,0,0,0,3.51,1.14
Mike Leake,CIN,32,29,26,0,0,167.2,159,72,118,38,23,12,9,0,0,0,3.86,1.17
Chris Volstad,FLA,33,29,29,0,0,165.2,187,90,117,49,23,5,13,0,0,0,4.89,1.42
Ivan Nova,NYY,33,28,27,0,0,165.1,163,68,98,57,13,16,4,0,0,0,3.70,1.33
Josh Tomlin,CLE,35,26,26,0,0,165.1,157,78,89,21,24,12,7,0,0,0,4.25,1.08
Bartolo Colon,NYY,46,29,26,1,1,164.1,172,73,135,40,21,8,10,0,0,0,4.00,1.29
Phil Humber,CWS,37,28,26,0,0,163.0,151,68,116,41,14,9,9,0,0,0,3.75,1.18
Paul Maholm,PIT,37,26,26,1,1,162.1,160,66,97,50,11,6,14,0,0,0,3.66,1.29
Jeff Karstens,PIT,37,30,26,1,1,162.1,163,61,96,33,22,9,9,0,0,0,3.38,1.21
Brian Duensing,MIN,36,32,28,1,1,161.2,193,94,115,52,21,9,14,0,0,0,5.23,1.52
Chris Narveson,MIL,38,30,28,0,0,161.2,160,80,126,65,17,11,8,0,0,0,4.45,1.39
Jordan Zimmermann,WAS,33,26,26,1,0,161.1,154,57,124,31,12,8,11,0,0,0,3.18,1.15
Dillon Gee,NYM,33,30,27,1,0,160.2,150,79,114,71,18,13,6,0,0,0,4.43,1.38
John Lackey,BOS,41,28,28,0,0,160.0,203,114,108,56,20,12,12,0,0,0,6.41,1.62
Jon Niese,NYM,33,27,26,0,0,157.1,178,77,138,44,14,11,11,0,0,0,4.40,1.41
J.A. Happ,HOU,37,28,28,0,0,156.1,157,93,134,83,21,6,15,0,0,0,5.35,1.54
Johnny Cueto,CIN,33,24,24,3,1,156.0,123,40,104,47,8,9,5,0,0,0,2.31,1.09
Bruce Chen,KC,42,25,25,1,0,155.0,152,65,97,50,18,12,8,0,0,0,3.77,1.30
Tim Wakefield,BOS,53,33,23,1,0,154.2,163,88,93,47,25,7,8,0,0,0,5.12,1.36
Zack Britton,BAL,32,28,28,0,0,154.1,162,79,97,62,12,11,11,0,0,0,4.61,1.45
Josh Collmenter,ARI,34,31,24,0,0,154.1,137,58,100,28,17,10,10,0,0,0,3.38,1.07
Kevin Correia,PIT,39,27,26,1,0,154.0,175,82,77,39,24,12,11,0,0,0,4.79,1.39
Jair Jurrjens,ATL,34,23,23,2,1,152.0,142,50,90,44,14,13,6,0,0,0,2.96,1.22
Nick Blackburn,MIN,37,26,26,1,0,148.1,183,74,76,54,19,7,10,0,0,0,4.49,1.60
Freddy Garcia,NYY,43,26,25,0,0,146.2,152,59,96,45,16,12,8,0,0,0,3.62,1.34
Doug Fister,SEA,36,21,21,3,0,146.0,139,54,89,32,7,3,12,0,0,0,3.33,1.17
Joel Pineiro,LAA,41,27,24,0,0,145.2,182,83,62,38,16,7,7,0,0,0,5.13,1.51
Carlos Zambrano,CHC,38,24,24,0,0,145.2,154,78,101,56,19,9,7,0,0,0,4.82,1.44
Tyler Chatwood,LAA,30,27,25,0,0,142.0,166,75,74,71,14,6,11,0,0,0,4.75,1.67
Kyle McClellan,STL,35,43,17,0,0,141.2,143,66,76,43,21,12,7,0,1,4,4.19,1.31
Brandon Beachy,ATL,33,25,25,0,0,141.2,125,58,169,46,16,7,3,0,0,0,3.68,1.21
Cory Luebke,SD,34,46,17,0,0,139.2,105,51,154,44,12,6,10,0,0,3,3.29,1.07
Roy Oswalt,PHI,42,23,23,0,0,139.0,153,57,93,33,10,9,10,0,0,0,3.69,1.34
Jeff Niemann,TB,36,23,23,1,0,135.1,131,61,105,37,18,11,7,0,0,0,4.06,1.24
Randy Wells,CHC,37,23,23,2,1,135.1,141,75,82,47,23,7,6,0,0,0,4.99,1.39
Scott Baker,MIN,38,23,21,1,0,134.2,126,47,123,32,15,8,6,0,0,0,3.14,1.17
Francisco Liriano,MIN,36,26,24,1,1,134.1,125,76,112,75,14,9,10,0,0,0,5.09,1.49
Homer Bailey,CIN,33,22,22,0,0,132.0,136,65,106,33,18,9,7,0,0,0,4.43,1.28
Vance Worley,PHI,32,25,21,1,0,131.2,116,44,119,46,10,11,3,0,0,2,3.01,1.23
Tommy Hanson,ATL,33,22,22,0,0,130.0,106,52,142,46,17,11,7,0,0,0,3.60,1.17
Guillermo Moscoso,OAK,36,23,21,0,0,128.0,102,48,74,38,14,8,10,0,0,0,3.38,1.09
Felipe Paulino,KC,36,21,20,0,0,124.2,123,57,119,48,10,4,6,0,0,0,4.11,1.37
Carlos Carrasco,CLE,32,21,21,1,0,124.2,130,64,85,40,15,8,9,0,0,0,4.62,1.36
Brett Cecil,TOR,33,20,20,2,1,123.2,122,65,87,42,22,4,11,0,0,0,4.73,1.33
Ubaldo Jimenez,COL,36,21,21,2,1,123.0,118,61,118,51,10,6,9,0,0,0,4.46,1.37
Edwin Jackson,CWS,36,19,19,1,1,121.2,134,53,97,39,8,7,7,0,0,0,3.92,1.42
Jason Marquis,WAS,41,20,20,1,1,120.2,132,53,71,39,8,8,5,0,0,0,3.95,1.42
Dustin Moseley,SD,38,20,20,0,0,120.0,117,44,64,36,10,3,10,0,0,0,3.30,1.28
Jake Arrieta,BAL,33,22,22,0,0,119.1,115,67,93,59,21,10,8,0,0,0,5.05,1.46
Alfredo Simon,BAL,38,23,16,0,0,115.2,128,63,83,40,15,4,9,0,0,0,4.90,1.45
Kyle Kendrick,PHI,35,34,15,0,0,114.2,110,41,59,30,14,8,6,0,0,0,3.22,1.22
Alfredo Aceves,BOS,37,55,4,0,0,114.0,84,33,80,42,8,10,2,2,3,11,2.61,1.11
Jake Peavy,CWS,38,19,18,1,1,111.2,117,61,95,24,10,7,7,0,0,0,4.92,1.26
Jo-Jo Reyes,TOR,35,20,20,1,0,110.0,140,66,64,35,14,5,8,0,0,0,5.40,1.59
Edinson Volquez,CIN,36,20,20,0,0,108.2,106,69,104,65,19,5,7,0,0,0,5.71,1.57
Phil Coke,DET,37,48,14,0,0,108.2,118,54,69,40,5,3,9,1,1,8,4.47,1.45
Carlos Villanueva,TOR,36,33,13,0,0,107.0,103,48,68,32,11,6,4,0,1,0,4.04,1.26
Travis Wood,CIN,33,22,18,0,0,106.0,118,57,76,40,10,6,6,0,0,0,4.84,1.49
Danny Duffy,KC,31,20,20,0,0,105.1,119,66,87,51,15,4,8,0,0,0,5.64,1.61
Tom Gorzelanny,WAS,37,30,15,0,0,105.0,102,47,95,33,15,4,6,0,1,4,4.03,1.29
Anthony Swarzak,MIN,34,27,11,0,0,102.0,111,49,55,26,9,4,7,0,0,0,4.32,1.34
Jonathan Sanchez,SF,37,19,19,0,0,101.1,80,48,102,66,9,4,7,0,0,0,4.26,1.44
Brad Bergesen,BAL,34,34,12,1,1,101.0,119,64,61,32,16,2,7,0,0,0,5.70,1.50
Clayton Richard,SD,36,18,18,0,0,99.2,104,43,53,38,8,5,9,0,0,0,3.88,1.42
Rodrigo Lopez,CHC,44,26,16,0,0,97.2,116,48,54,29,18,6,6,0,0,0,4.42,1.48
Aaron Cook,COL,41,18,17,0,0,97.0,127,65,48,37,9,3,10,0,0,0,6.03,1.69
Blake Beavan,SEA,31,15,15,0,0,97.0,106,46,42,15,13,5,6,0,0,0,4.27,1.25
Jordan Lyles,HOU,29,20,15,0,0,94.0,107,56,67,26,14,2,8,0,0,0,5.36,1.41
Marco Estrada,MIL,36,43,7,0,0,92.2,83,42,88,29,11,4,8,0,3,4,4.08,1.21
Erik Bedard,SEA,40,16,16,0,0,91.1,77,35,87,30,11,4,7,0,0,0,3.45,1.17
Jim Johnson,BAL,36,69,0,0,0,91.0,80,27,58,21,5,6,5,9,5,18,2.67,1.11
Tyler Clippard,WAS,34,72,0,0,0,88.1,48,18,104,26,11,3,0,0,7,38,1.83,0.84
Jeff Samardzija,CHC,35,75,0,0,0,88.0,64,29,87,50,5,8,4,0,2,13,2.97,1.30
Jonny Venters,ATL,34,85,0,0,0,88.0,53,18,96,43,2,6,2,5,4,35,1.84,1.09
Aneury Rodriguez,HOU,32,43,8,0,0,85.1,83,50,64,32,13,1,6,0,0,1,5.27,1.35
Daniel McCutchen,PIT,37,73,0,0,0,84.2,87,35,47,33,7,5,3,0,0,10,3.72,1.42
Casey Coleman,CHC,32,19,17,0,0,84.1,102,60,75,46,10,3,9,0,0,0,6.40,1.75
Brett Anderson,OAK,32,13,13,1,0,83.1,86,37,61,25,8,3,6,0,0,0,4.00,1.33
Esmil Rogers,COL,34,18,13,0,0,83.0,110,65,63,47,14,6,6,0,0,0,7.05,1.89
Clay Buchholz,BOS,35,14,14,0,0,82.2,76,32,60,31,10,6,3,0,0,0,3.48,1.29
Rich Harden,OAK,38,15,15,0,0,82.2,87,47,91,31,17,4,4,0,0,0,5.12,1.43
Mike Minor,ATL,32,15,15,0,0,82.2,93,38,77,30,7,5,3,0,0,0,4.14,1.49
Guillermo Mota,SF,46,52,0,0,0,80.1,71,34,77,30,10,2,2,1,1,4,3.81,1.26
Wade LeBlanc,SD,35,14,14,0,0,79.2,84,41,51,28,7,5,6,0,0,0,4.63,1.41
Kyle Drabek,TOR,32,18,14,0,0,78.2,87,53,51,55,10,4,5,0,0,0,6.06,1.81
Edwin Jackson,STL,36,13,12,0,0,78.0,91,31,51,23,8,5,2,0,0,0,3.58,1.46
Sam LeCure,CIN,35,43,4,0,0,77.2,57,32,73,21,10,2,1,0,0,5,3.71,1.00
Cristhian Martinez,ATL,37,46,0,0,0,77.2,56,29,58,19,8,1,3,0,0,3,3.36,0.97
Craig Kimbrel,ATL,31,79,0,0,0,77.0,48,18,127,32,3,4,3,46,8,0,2.10,1.04
Zach Duke,ARI,36,21,9,0,0,76.2,101,42,32,19,6,3,4,1,0,0,4.93,1.57
Edward Mujica,FLA,35,67,0,0,0,76.0,64,25,63,14,7,9,6,0,3,17,2.96,1.03
Sean Marshall,CHC,37,78,0,0,0,75.2,66,19,79,17,1,6,6,5,4,34,2.26,1.10
Dontrelle Willis,CIN,38,13,13,0,0,75.2,78,42,57,37,6,1,6,0,0,0,5.00,1.52
Drew Storen,WAS,32,73,0,0,0,75.1,57,23,74,20,8,6,3,43,5,3,2.75,1.02
Jesse Litsch,TOR,34,28,8,0,0,75.0,69,37,66,28,10,6,3,1,1,3,4.44,1.29
Fernando Salas,STL,34,68,0,0,0,75.0,50,19,75,21,7,5,6,24,6,6,2.28,0.95
Phil Hughes,NYY,33,17,14,1,1,74.2,84,48,47,27,9,5,5,0,0,0,5.79,1.49
Chad Qualls,SD,41,77,0,0,0,74.1,73,29,43,20,7,6,8,0,5,22,3.51,1.25
Mark Melancon,HOU,34,71,0,0,0,74.1,65,23,66,26,5,8,4,20,5,3,2.78,1.22
Carlos Marmol,CHC,37,75,0,0,0,74.0,54,33,99,48,5,2,6,34,10,2,4.01,1.38
Eric O'Flaherty,ATL,35,78,0,0,0,73.2,59,8,67,21,2,2,4,0,4,32,0.98,1.09
John Axford,MIL,36,74,0,0,0,73.2,59,16,86,25,4,2,2,46,2,0,1.95,1.14
Daniel Bard,BOS,34,70,0,0,0,73.0,46,27,74,24,5,2,9,1,5,34,3.33,0.96
Jose Valverde,DET,41,75,0,0,0,72.1,52,18,69,34,5,2,4,49,0,0,2.24,1.19
Chris Jakubauskas,BAL,41,33,6,0,0,72.1,93,46,52,29,11,2,2,0,0,1,5.72,1.69
Matt Belisle,COL,39,74,0,0,0,72.0,77,26,58,14,5,10,4,0,7,14,3.25,1.26
Kameron Loe,MIL,38,72,0,0,0,72.0,65,28,61,16,4,4,7,1,7,16,3.50,1.13
Juan Nicasio,COL,33,13,13,0,0,71.2,73,33,58,18,8,4,4,0,0,0,4.14,1.27
Chris Sale,CWS,30,58,0,0,0,71.0,52,22,79,27,6,2,2,8,2,16,2.79,1.11
Jose Veras,PIT,39,79,0,0,0,71.0,54,30,79,34,6,2,4,1,7,27,3.80,1.24
Wilton Lopez,HOU,36,73,0,0,0,71.0,72,22,56,18,6,2,6,0,6,14,2.79,1.27
Nick Masset,CIN,37,75,0,0,0,70.1,76,29,62,31,5,3,6,1,6,14,3.71,1.52
Doug Fister,DET,36,11,10,0,0,70.1,54,14,57,5,4,8,1,0,0,0,1.79,0.84
Chris Resop,PIT,37,76,0,0,0,69.2,73,34,79,30,8,5,4,1,5,15,4.39,1.48
Francisco Cordero,CIN,44,68,0,0,0,69.2,49,19,42,22,6,5,3,37,6,0,2.45,1.02
Blake Wood,KC,34,55,0,0,0,69.2,66,29,62,32,5,5,3,1,2,5,3.75,1.41
Tommy Hunter,BAL,33,12,11,0,0,69.1,88,39,35,10,11,3,3,0,0,1,5.06,1.41
David Hernandez,ARI,34,74,0,0,0,69.1,49,26,77,30,4,5,3,11,3,23,3.38,1.14
Joel Hanrahan,PIT,38,70,0,0,0,68.2,56,14,61,16,1,1,4,40,4,0,1.83,1.05
Ramon Ramirez,SF,38,66,0,0,0,68.2,54,20,66,26,3,3,3,4,1,11,2.62,1.17
Jamey Wright,SEA,45,60,0,0,0,68.1,61,24,48,30,6,2,3,1,4,16,3.16,1.33
Chad Durbin,CLE,42,56,0,0,0,68.1,86,42,59,26,12,2,2,0,1,3,5.53,1.64
Jason Motte,STL,37,78,0,0,0,68.0,49,17,63,16,2,5,2,9,4,18,2.25,0.96
Hisanori Takahashi,LAA,44,61,0,0,0,68.0,58,26,52,25,7,4,3,2,3,7,3.44,1.22
James Russell,CHC,34,64,5,0,0,67.2,76,31,43,14,12,1,6,0,2,6,4.12,1.33
Joel Peralta,TB,43,71,0,0,0,67.2,44,22,61,18,7,3,4,6,2,19,2.93,0.92
Clay Hensley,FLA,40,37,9,0,0,67.2,62,39,46,30,9,6,7,0,2,8,5.19,1.36
Pedro Beato,NYM,33,60,0,0,0,67.0,59,32,39,27,5,2,1,0,1,11,4.30,1.28
Joe Smith,CLE,35,71,0,0,0,67.0,52,15,45,21,1,3,3,0,3,16,2.01,1.09
Tim Collins,KC,30,68,0,0,0,67.0,52,27,60,48,5,4,4,0,1,11,3.63,1.49
David Robertson,NYY,34,70,0,0,0,66.2,40,8,100,35,1,4,0,1,3,34,1.08,1.13
Shawn Camp,TOR,44,67,0,0,0,66.1,79,31,32,22,3,6,3,1,3,5,4.21,1.52
Matt Guerrier,LAD,41,70,0,0,0,66.1,59,30,50,25,4,4,3,1,3,13,4.07,1.27
Ross Detwiler,WAS,33,15,10,0,0,66.0,63,22,41,20,7,4,5,0,0,1,3.00,1.26
Henry Rodriguez,WAS,32,59,0,0,0,65.2,54,26,70,45,1,3,3,2,3,10,3.56,1.51
Matt Capps,MIN,36,69,0,0,0,65.2,66,31,34,13,10,4,7,15,9,7,4.25,1.20
Ubaldo Jimenez,CLE,36,11,11,0,0,65.1,68,37,62,27,7,4,4,0,0,0,5.10,1.45
Jesse Crain,CWS,38,67,0,0,0,65.1,50,19,70,31,7,8,3,1,6,24,2.62,1.24
Andrew Miller,BOS,34,17,12,0,0,65.0,77,40,50,41,8,6,3,0,0,0,5.54,1.82
Luis Perez,TOR,35,37,4,0,0,65.0,74,37,54,27,9,3,3,0,2,4,5.12,1.55
Matt Albers,BOS,37,56,0,0,0,64.2,62,34,68,31,7,4,4,0,3,10,4.73,1.44
Juan Oviedo,FLA,37,68,0,0,0,64.1,57,29,55,21,8,1,4,36,6,0,4.06,1.21
Jonathan Papelbon,BOS,39,63,0,0,0,64.1,50,21,87,10,3,4,1,31,3,0,2.94,0.93
Mitch Talbot,CLE,36,12,12,0,0,63.2,90,47,36,28,10,2,6,0,0,0,6.64,1.85
Burke Badenhop,FLA,37,50,0,0,0,63.2,65,29,51,24,1,2,3,1,0,5,4.10,1.40
Henderson Alvarez,TOR,29,10,10,0,0,63.2,64,25,40,8,8,1,3,0,0,0,3.53,1.13
Sergio Santos,CWS,36,63,0,0,0,63.1,41,25,92,29,6,4,5,30,6,2,3.55,1.11
Micah Owings,ARI,37,33,4,0,0,63.0,56,25,44,23,8,8,0,0,0,3,3.57,1.25
Rafael Perez,CLE,37,71,0,0,0,63.0,59,21,33,19,2,5,2,0,2,12,3.00,1.24
Mike Dunn,FLA,34,72,0,0,0,63.0,51,24,68,31,9,5,6,0,4,15,3.43,1.30
Ernesto Frieri,SD,34,59,0,0,0,63.0,51,19,76,34,3,1,2,0,0,4,2.71,1.35
Heath Bell,SD,42,64,0,0,0,62.2,51,17,51,21,4,3,4,43,5,0,2.44,1.15
Tony Sipp,CLE,36,69,0,0,0,62.1,45,21,57,24,10,6,3,0,1,24,3.03,1.11
Chien-Ming Wang,WAS,39,11,11,0,0,62.1,67,28,25,13,8,4,3,0,0,0,4.04,1.28
John Grabow,CHC,41,58,0,0,0,62.1,67,33,38,28,9,3,1,0,0,5,4.76,1.52
Rafael Betancourt,COL,44,68,0,0,0,62.1,46,20,73,8,7,2,0,8,4,22,2.89,0.87
Neftali Feliz,TEX,31,64,0,0,0,62.1,42,19,54,30,4,2,3,32,6,0,2.74,1.16
Aaron Crow,KC,33,57,0,0,0,62.0,55,19,65,31,8,4,4,0,7,8,2.76,1.39
Chris Tillman,BAL,31,13,13,0,0,62.0,77,38,46,25,5,3,5,0,0,0,5.52,1.65
Grant Balfour,OAK,42,62,0,0,0,62.0,44,17,59,20,8,5,2,2,5,26,2.47,1.03
Michael Stutes,PHI,33,57,0,0,0,62.0,49,25,58,28,7,6,2,0,0,13,3.63,1.24
Vinnie Pestano,CLE,34,67,0,0,0,62.0,41,16,84,24,5,1,2,2,4,23,2.32,1.05
Jeremy Affeldt,SF,40,67,0,0,0,61.2,47,18,54,24,5,3,2,3,3,13,2.63,1.15
Glen Perkins,MIN,36,65,0,0,0,61.2,55,17,65,21,2,4,4,2,3,17,2.48,1.23
Brian Sanches,FLA,41,39,2,0,0,61.2,52,27,53,36,7,4,1,0,0,0,3.94,1.43
Brandon League,SEA,36,65,0,0,0,61.1,56,19,45,10,3,1,5,37,5,0,2.79,1.08
Kyle Davies,KC,36,13,13,0,0,61.1,84,46,50,26,7,1,9,0,0,0,6.75,1.79
Mariano Rivera,NYY,50,64,0,0,0,61.1,47,13,60,8,3,1,2,44,5,0,1.91,0.90
Logan Ondrusek,CIN,34,66,0,0,0,61.1,55,22,41,28,6,5,5,0,3,14,3.23,1.35
Joaquin Benoit,DET,42,66,0,0,0,61.0,47,20,63,17,5,4,3,2,5,29,2.95,1.05
Ryan Madson,PHI,39,62,0,0,0,60.2,54,16,62,16,2,4,2,32,2,3,2.37,1.15
Mitchell Boggs,STL,35,51,0,0,0,60.2,62,24,48,21,4,2,3,4,4,1,3.56,1.37
Rubby De La Rosa,LAD,30,13,10,0,0,60.2,54,25,60,31,6,4,5,0,1,1,3.71,1.40
Jordan Walden,LAA,32,62,0,0,0,60.1,49,20,67,26,3,5,5,32,10,2,2.98,1.24
Joakim Soria,KC,35,60,0,0,0,60.1,60,27,60,17,7,5,5,28,7,0,4.03,1.28
Nate Adcock,KC,31,24,3,0,0,60.1,63,31,36,26,5,1,1,1,0,0,4.62,1.48
Josh Johnson,FLA,36,9,9,0,0,60.1,39,11,56,20,2,3,1,0,0,0,1.64,0.98
Greg Holland,KC,34,46,0,0,0,60.0,37,12,74,19,3,5,1,4,2,18,1.80,0.93
Brad Hand,FLA,29,12,12,0,0,60.0,53,28,38,35,10,1,8,0,0,0,4.20,1.47
Chris Perez,CLE,34,64,0,0,0,59.2,46,22,39,26,5,4,7,36,4,0,3.32,1.21
Todd Coffey,WAS,39,69,0,0,0,59.2,55,24,46,20,4,5,1,0,2,10,3.62,1.26
Matt Thornton,CWS,43,62,0,0,0,59.2,60,22,63,21,3,2,5,3,4,20,3.32,1.36
Kevin Gregg,BAL,41,63,0,0,0,59.2,58,29,53,40,7,0,3,22,7,0,4.37,1.64
Louis Coleman,KC,33,48,0,0,0,59.2,44,19,64,26,9,1,4,1,1,11,2.87,1.17
Bobby Parnell,NYM,35,60,0,0,0,59.1,60,24,64,27,4,4,6,6,6,11,3.64,1.47
Kevin Slowey,MIN,35,14,8,0,0,59.1,78,44,34,5,10,0,8,0,0,0,6.67,1.40
Craig Breslow,OAK,39,67,0,0,0,59.1,69,25,44,21,4,0,2,0,3,8,3.79,1.52
Jorge De La Rosa,COL,38,10,10,1,0,59.0,48,23,52,22,4,5,2,0,0,0,3.51,1.19
Huston Street,COL,36,62,0,0,0,58.1,62,25,55,9,10,1,4,29,4,4,3.86,1.22
Brian Fuentes,OAK,44,67,0,0,0,58.1,52,24,42,20,6,2,8,12,3,9,3.70,1.23
Sean O'Sullivan,KC,32,12,10,0,0,58.1,78,47,19,26,10,2,6,0,1,0,7.25,1.78
Josh Outman,OAK,35,13,9,0,0,58.1,62,24,35,23,4,3,5,0,0,1,3.70,1.46
Clayton Mortensen,COL,34,16,6,0,0,58.1,55,25,30,24,9,2,4,0,0,0,3.86,1.35
Jeanmar Gomez,CLE,32,11,10,0,0,58.1,73,29,31,15,6,5,3,0,0,0,4.47,1.51
Antonio Bastardo,PHI,34,64,0,0,0,58.0,28,17,70,26,6,6,1,8,1,17,2.64,0.93
J.J. Putz,ARI,42,60,0,0,0,58.0,41,14,61,12,4,2,2,45,4,0,2.17,0.91
Kyle Farnsworth,TB,43,63,0,0,0,57.2,45,14,51,12,5,5,1,25,6,0,2.18,0.99
Mike MacDougal,LAD,42,69,0,0,0,57.0,54,13,41,29,3,3,1,1,1,14,2.05,1.46
David Herndon,PHI,34,45,0,0,0,57.0,54,21,39,24,9,1,4,1,1,4,3.32,1.37
Sean Burnett,WAS,37,69,0,0,0,56.2,54,24,33,21,6,5,5,4,6,15,3.81,1.32
Frank Herrmann,CLE,35,40,0,0,0,56.1,71,32,34,16,7,4,0,0,0,0,5.11,1.54
Hector Noesi,NYY,33,30,2,0,0,56.1,63,28,45,22,6,2,2,0,0,4,4.47,1.51
Luis Ayala,NYY,42,52,0,0,0,56.0,51,13,39,20,5,2,2,0,1,4,2.09,1.27
Luke Gregerson,SD,35,61,0,0,0,55.2,57,17,34,19,2,3,3,0,4,16,2.75,1.37
Casey Janssen,TOR,38,55,0,0,0,55.2,47,14,53,14,2,6,0,2,2,7,2.26,1.10
Brian Wilson,SF,37,57,0,0,0,55.0,50,19,54,31,2,6,4,36,5,0,3.11,1.47
Steve Cishek,FLA,33,45,0,0,0,54.2,45,16,55,19,1,2,1,3,0,2,2.63,1.17
David Pauley,SEA,36,39,0,0,0,54.1,38,13,34,16,2,5,4,0,1,7,2.15,0.99
Scott Linebrink,ATL,43,64,0,0,0,54.1,58,22,42,21,6,4,4,1,1,7,3.64,1.45
Kevin Millwood,COL,45,9,9,0,0,54.1,58,24,36,8,9,4,3,0,0,0,3.98,1.21
Jon Garland,LAD,40,9,9,1,0,54.0,55,26,28,20,6,1,5,0,0,0,4.33,1.39
Matt Lindstrom,COL,40,63,0,0,0,54.0,52,18,36,14,3,2,2,2,3,15,3.00,1.22
Rich Thompson,LAA,35,44,0,0,0,54.0,46,18,56,20,5,1,3,0,1,3,3.00,1.22
Barry Zito,SF,41,13,9,0,0,53.2,51,35,32,24,10,3,4,0,0,0,5.87,1.40
Scott Downs,LAA,43,60,0,0,0,53.2,39,8,35,15,3,6,3,1,3,26,1.34,1.01
Kenley Jansen,LAD,32,51,0,0,0,53.2,30,17,96,26,3,2,1,5,1,9,2.85,1.04
Will Ohman,CWS,42,59,0,0,0,53.1,53,25,54,17,8,1,3,0,1,3,4.22,1.31
Henry Sosa,HOU,34,10,10,0,0,53.1,54,31,38,23,7,3,5,0,0,0,5.23,1.44
Charlie Furbush,SEA,33,11,10,0,0,53.0,61,39,41,16,11,3,7,0,0,0,6.62,1.45
Enerio Del Rosario,HOU,34,54,0,0,0,53.0,59,27,31,31,3,0,3,0,2,2,4.58,1.70
Jose Arredondo,CIN,35,53,0,0,0,53.0,43,19,48,31,5,4,4,0,1,4,3.23,1.40
Blake Hawksworth,LAD,36,49,0,0,0,53.0,45,24,43,17,6,2,5,0,1,7,4.08,1.17
Javier Lopez,SF,42,70,0,0,0,53.0,42,16,40,26,0,5,2,1,2,20,2.72,1.28
Alex Cobb,TB,32,9,9,0,0,52.2,49,20,37,21,3,3,2,0,0,0,3.42,1.33
Fernando Rodriguez,HOU,35,47,0,0,0,52.1,51,23,57,30,6,2,3,0,0,6,3.96,1.55
Jon Rauch,TOR,41,53,0,0,0,52.0,56,28,36,14,11,5,4,11,5,4,4.85,1.35
Santiago Casilla,SF,39,49,0,0,0,51.2,33,10,45,25,1,2,2,6,1,6,1.74,1.12
Kerry Wood,CHC,42,55,0,0,0,51.0,45,19,57,21,5,3,5,1,6,21,3.35,1.29
Darren Oliver,TEX,49,61,0,0,0,51.0,47,13,44,11,3,5,5,2,4,16,2.29,1.14
Frank Francisco,TOR,40,54,0,0,0,50.2,49,20,53,18,7,1,4,17,4,2,3.55,1.32
David Huff,CLE,35,11,10,0,0,50.2,55,23,36,17,6,2,6,0,0,0,4.09,1.42
Ryan Webb,FLA,34,53,0,0,0,50.2,48,18,31,20,2,2,4,0,4,8,3.20,1.34
Zach Stewart,CWS,33,10,8,1,1,50.2,64,35,35,13,9,2,5,0,0,0,6.22,1.52
Alex Burnett,MIN,32,66,0,0,0,50.2,50,31,33,21,4,2,5,0,2,10,5.51,1.40
Matt Reynolds,COL,35,73,0,0,0,50.2,48,23,50,18,10,1,2,0,2,18,4.09,1.30
Aroldis Chapman,CIN,32,54,0,0,0,50.0,24,20,71,41,2,4,1,1,2,13,3.60,1.30
Brian Matusz,BAL,33,12,12,0,0,49.2,81,59,38,24,18,1,9,0,0,0,10.69,2.11
Dan Wheeler,BOS,42,47,0,0,0,49.1,47,24,39,8,7,2,2,0,0,4,4.38,1.11
D.J. Carrasco,NYM,42,42,1,0,0,49.1,67,33,27,16,7,1,3,0,1,2,6.02,1.68
Jose Mijares,MIN,35,58,0,0,0,49.0,53,25,30,30,4,0,2,0,2,10,4.59,1.69
Dan Schlereth,DET,33,49,0,0,0,49.0,36,19,44,31,6,2,2,0,1,7,3.49,1.37
Juan Cruz,TB,41,56,0,0,0,48.2,36,21,46,28,5,5,0,0,1,6,3.88,1.32
LaTroy Hawkins,MIL,47,52,0,0,0,48.1,50,13,28,10,1,3,1,0,0,20,2.42,1.24
Bill Bray,CIN,36,79,0,0,0,48.1,35,16,44,17,3,5,3,0,3,20,2.98,1.08
Anthony Bass,SD,32,27,3,0,0,48.1,41,9,24,21,3,2,0,0,0,4,1.68,1.28
Sergio Romo,SF,36,65,0,0,0,48.0,29,8,70,5,2,3,1,1,1,23,1.50,0.71
Mike Adams,SD,41,48,0,0,0,48.0,26,6,49,9,2,3,1,1,2,23,1.13,0.73
Brad Lincoln,PIT,34,12,8,0,0,47.2,54,25,29,16,4,2,3,0,0,0,4.72,1.47
Manny Acosta,NYM,38,44,0,0,0,47.0,50,18,46,15,6,4,1,4,3,7,3.45,1.38
Koji Uehara,BAL,44,43,0,0,0,47.0,25,9,62,8,6,1,1,0,1,13,1.72,0.70
Jason Berken,BAL,36,40,0,0,0,47.0,63,28,41,21,10,1,2,0,3,4,5.36,1.79
Javy Guerra,LAD,34,47,0,0,0,46.2,37,12,38,18,2,2,2,21,2,0,2.31,1.18
Jason Isringhausen,NYM,47,53,0,0,0,46.2,36,21,44,24,6,3,3,7,4,19,4.05,1.29
Mike Gonzalez,BAL,41,49,0,0,0,46.1,46,22,46,18,7,2,2,1,1,6,4.27,1.38
Doug Davis,CHC,44,9,9,0,0,45.2,59,33,36,26,2,1,7,0,0,0,6.50,1.86
Mark Lowe,TEX,36,52,0,0,0,45.0,46,19,42,19,6,2,3,1,2,11,3.80,1.44
Joe Nathan,MIN,45,48,0,0,0,44.2,38,24,43,14,7,2,1,14,3,8,4.84,1.16
Jerome Williams,LAA,38,10,6,0,0,44.0,45,18,28,15,6,4,0,0,0,0,3.68,1.36
Yoshinori Tateyama,TEX,44,39,0,0,0,44.0,37,22,43,11,8,2,0,1,0,4,4.50,1.09
Everett Teaford,KC,35,26,3,0,0,44.0,36,16,28,14,8,2,1,1,0,1,3.27,1.14
Cesar Ramos,TB,35,59,0,0,0,43.2,36,19,31,25,4,0,1,0,2,3,3.92,1.40
Al Alburquerque,DET,33,41,0,0,0,43.1,21,9,67,29,0,6,1,0,0,6,1.87,1.15
Armando Galarraga,ARI,38,8,8,0,0,42.2,47,28,28,22,13,3,4,0,0,0,5.91,1.62
Francisco Rodriguez,NYM,38,42,0,0,0,42.2,44,15,46,16,3,2,2,23,3,0,3.16,1.41
Aaron Laffey,SEA,34,36,0,0,0,42.2,54,19,24,16,7,1,1,0,1,5,4.01,1.64
Jason Frasor,TOR,42,44,0,0,0,42.1,38,14,37,15,4,2,1,0,2,10,2.98,1.25
Boone Logan,NYY,35,64,0,0,0,41.2,43,16,46,13,4,5,3,0,2,10,3.46,1.34
Andrew Bailey,OAK,35,42,0,0,0,41.2,34,15,41,12,3,0,4,24,2,1,3.24,1.10
Joe Blanton,PHI,39,11,8,0,0,41.1,52,23,35,9,5,1,2,0,0,0,5.01,1.48
Phil Dumatrait,MIN,38,45,0,0,0,41.1,45,18,29,25,7,1,3,1,0,4,3.92,1.69
Tony Watson,PIT,34,43,0,0,0,41.0,34,18,37,20,6,2,2,0,1,10,3.95,1.32
Rex Brothers,COL,32,48,0,0,0,40.2,33,13,59,20,4,1,2,1,2,16,2.88,1.30
Wade Miley,ARI,33,8,7,0,0,40.0,48,20,25,18,6,4,2,0,0,0,4.50,1.65
Cory Wade,NYY,36,40,0,0,0,39.2,33,9,30,8,5,6,1,0,1,8,2.04,1.03
Bobby Cassevah,LAA,34,30,0,0,0,39.2,28,12,24,19,1,1,1,0,1,6,2.72,1.18
Marc Rzepczynski,TOR,34,43,0,0,0,39.1,28,13,33,15,2,2,3,0,3,10,2.97,1.09
Rafael Soriano,NYY,40,42,0,0,0,39.1,33,18,36,18,4,2,3,2,3,23,4.12,1.30
Scott Diamond,MIN,33,7,7,0,0,39.0,51,22,19,17,3,1,5,0,0,0,5.08,1.74
Ryota Igarashi,NYM,40,45,0,0,0,38.2,43,20,42,28,2,4,1,0,1,2,4.66,1.84
Ross Ohlendorf,PIT,37,9,9,0,0,38.2,60,35,27,15,9,1,3,0,0,0,8.15,1.94
Erik Bedard,BOS,40,8,8,0,0,38.0,41,17,38,18,3,1,2,0,0,0,4.03,1.55
Tim Byrdak,NYM,46,72,0,0,0,37.2,34,16,47,19,3,2,1,1,3,8,3.82,1.41
Jeremy Accardo,BAL,38,31,0,0,0,37.2,43,24,23,18,5,3,3,0,1,2,5.73,1.62
Barry Enright,ARI,33,7,7,0,0,37.2,50,31,21,15,11,1,4,0,0,0,7.41,1.73
Brad Ziegler,OAK,40,43,0,0,0,37.2,38,10,29,13,0,3,2,1,1,6,2.39,1.35
Daisuke Matsuzaka,BOS,39,8,7,0,0,37.1,32,22,26,23,4,3,3,0,0,0,5.30,1.47
Dave Bush,TEX,40,17,3,0,0,37.1,47,24,23,9,6,0,1,0,0,1,5.79,1.50
Ryan Perry,DET,32,36,0,0,0,37.0,39,22,24,21,1,2,0,0,1,4,5.35,1.62
Brandon Gomes,TB,35,40,0,0,0,37.0,34,12,32,16,3,2,1,0,0,5,2.92,1.35
Alex White,COL,31,7,7,0,0,36.1,48,34,24,16,12,2,4,0,0,0,8.42,1.76
Tyson Ross,OAK,32,9,6,0,0,36.0,33,11,24,13,1,3,3,0,0,0,2.75,1.28
George Sherrill,ATL,42,51,0,0,0,36.0,33,12,38,12,3,3,1,0,1,7,3.00,1.25
Danys Baez,PHI,42,29,0,0,0,36.0,43,25,18,13,5,2,4,0,1,0,6.25,1.56
Andy Sonnanstine,TB,36,15,4,0,0,35.2,40,22,12,12,10,0,2,0,0,0,5.55,1.46
Collin Balester,WAS,33,23,0,0,0,35.2,38,18,34,14,7,1,4,0,1,2,4.54,1.46
Aaron Heilman,ARI,41,32,0,0,0,35.1,48,27,33,11,8,4,1,0,1,5,6.88,1.67
Jeff Gray,SEA,38,24,0,0,0,35.0,39,19,16,17,3,0,1,1,3,2,4.89,1.60
Randall Delgado,ATL,30,7,7,0,0,35.0,29,11,18,14,5,1,1,0,0,0,2.83,1.23
Nathan Eovaldi,LAD,29,10,6,0,0,34.2,28,14,23,20,2,1,2,0,0,1,3.63,1.38
Lance Lynn,STL,32,18,2,0,0,34.2,25,12,40,11,3,1,1,1,1,3,3.12,1.04
Trevor Bell,LAA,33,19,0,0,0,34.1,39,13,17,10,2,1,1,0,1,0,3.41,1.43
Joe Paterson,ARI,33,62,0,0,0,34.0,28,11,28,15,1,0,3,1,0,10,2.91,1.26
Michael Wuertz,OAK,41,39,0,0,0,33.2,37,25,32,26,5,0,0,0,1,3,6.68,1.87
Scott Elbert,LAD,34,47,0,0,0,33.1,27,9,34,14,1,0,1,2,0,7,2.43,1.23
Ramon Ortiz,CHC,46,22,2,0,0,33.1,31,18,25,11,6,1,2,0,0,1,4.86,1.26
Fautino De Los Santos,OAK,33,34,0,0,0,33.1,27,16,43,17,4,3,2,0,2,3,4.32,1.32
Jeff Fulchino,HOU,40,36,0,0,0,33.0,34,19,31,18,5,1,4,0,3,4,5.18,1.58
Sergio Mitre,MIL,38,22,0,0,0,33.0,30,12,14,10,3,0,1,0,1,1,3.27,1.21
Chris Ray,SEA,38,29,0,0,0,32.2,33,17,22,12,2,3,2,0,2,1,4.68,1.38
Tom Wilhelmsen,SEA,36,25,0,0,0,32.2,25,12,30,13,2,2,0,0,0,3,3.31,1.16
Jason Grilli,PIT,43,28,0,0,0,32.2,24,9,37,15,2,2,1,1,0,9,2.48,1.19
Adam Russell,TB,36,36,0,0,0,32.2,31,11,13,20,2,1,2,0,0,2,3.03,1.56
Josh Lueke,SEA,35,25,0,0,0,32.2,34,22,29,13,2,1,1,0,0,2,6.06,1.44
Yunesky Maya,WAS,38,10,5,0,0,32.2,40,19,15,10,3,1,1,0,0,0,5.23,1.53
Franklin Morales,BOS,34,36,0,0,0,32.1,30,13,31,11,4,1,1,0,0,8,3.62,1.27
Charlie Furbush,DET,33,17,2,0,0,32.1,36,13,26,14,5,1,3,0,0,1,3.62,1.55
Greg Reynolds,COL,34,13,3,0,0,32.0,40,22,18,10,6,3,0,0,0,0,6.19,1.56
Scott Feldman,TEX,37,11,2,0,0,32.0,25,14,22,10,3,2,1,0,0,0,3.94,1.09
Fernando Rodney,LAA,42,39,0,0,0,32.0,26,16,26,28,1,3,5,3,4,10,4.50,1.69
Ryan Mattheus,WAS,36,35,0,0,0,32.0,26,10,12,15,1,2,2,0,0,8,2.81,1.28
Miguel Batista,NYM,48,9,4,1,1,30.2,22,9,15,14,0,2,0,0,0,1,2.64,1.17
Jo-Jo Reyes,BAL,35,9,5,0,0,30.2,36,21,23,13,7,2,3,0,0,0,6.16,1.60
J.P. Howell,TB,36,46,0,0,0,30.2,30,21,26,18,5,2,3,1,1,10,6.16,1.57
Scott Atchison,BOS,43,17,0,0,0,30.1,31,11,17,6,0,1,0,1,0,0,3.26,1.22
Esmerling Vasquez,ARI,36,31,0,0,0,30.1,27,14,20,13,2,1,1,0,2,6,4.15,1.32
Troy Patton,BAL,34,20,0,0,0,30.0,25,10,22,5,2,2,1,0,0,2,3.00,1.00
Eduardo Sanchez,STL,30,26,0,0,0,30.0,14,6,35,16,1,3,1,5,2,7,1.80,1.00
Josh Spence,SD,32,40,0,0,0,29.2,14,9,31,19,2,0,2,0,2,7,2.73,1.11
Dana Eveland,LAD,36,5,5,0,0,29.2,28,10,16,6,1,3,2,0,0,0,3.03,1.15
Josh Lindblom,LAD,32,27,0,0,0,29.2,21,9,28,10,0,1,0,0,1,3,2.73,1.04
Anthony Vasquez,SEA,33,7,7,0,0,29.1,46,29,13,10,13,1,6,0,0,0,8.90,1.91
Scott Proctor,ATL,43,31,0,0,0,29.1,31,21,18,19,5,2,3,0,2,4,6.44,1.70
Miguel Batista,STL,48,26,1,0,0,29.1,27,15,16,19,2,3,2,0,1,6,4.60,1.57
Octavio Dotel,TOR,46,36,0,0,0,29.1,20,12,30,12,5,2,1,1,0,4,3.68,1.09
Nelson Figueroa,HOU,45,8,5,0,0,29.0,45,28,17,16,3,0,3,0,0,0,8.69,2.10
Francisco Rodriguez,MIL,38,31,0,0,0,29.0,23,6,33,10,1,4,0,0,3,17,1.86,1.14
Duane Below,DET,34,14,2,0,0,29.0,28,14,14,11,2,0,2,0,0,0,4.34,1.34
Tim Dillard,MIL,36,24,0,0,0,28.2,26,13,27,4,3,1,1,0,0,1,4.08,1.05
Joba Chamberlain,NYY,34,27,0,0,0,28.2,23,9,24,7,3,2,0,0,1,12,2.83,1.05
Vin Mazzaro,KC,33,7,4,0,0,28.1,39,26,10,15,4,1,1,0,0,0,8.26,1.91
Jerry Blevins,OAK,36,26,0,0,0,28.1,24,9,26,14,2,0,0,0,0,0,2.86,1.34
Bryan Shaw,ARI,32,33,0,0,0,28.1,30,8,24,8,2,1,0,0,0,9,2.54,1.34
Jake McGee,TB,33,37,0,0,0,28.0,30,14,27,12,5,5,2,0,0,4,4.50,1.50
Ryan Franklin,STL,46,21,0,0,0,27.2,44,26,17,7,9,1,4,1,4,0,8.46,1.84
Sergio Escalona,HOU,35,49,0,0,0,27.2,24,9,25,11,3,2,1,0,1,6,2.93,1.27
David Carpenter,HOU,34,34,0,0,0,27.2,28,9,29,13,3,1,3,1,1,3,2.93,1.48
Michael Kirkman,TEX,33,15,0,0,0,27.1,26,20,21,12,5,1,1,0,0,1,6.59,1.39
Dan Runzler,SF,34,31,1,0,0,27.1,29,19,25,16,0,1,2,0,0,3,6.26,1.65
Hong-Chih Kuo,LAD,38,40,0,0,0,27.0,24,27,36,23,4,1,2,0,2,3,9.00,1.74
Takashi Saito,MIL,49,30,0,0,0,26.2,21,6,23,9,2,4,2,0,2,10,2.03,1.12
Eric Surkamp,SF,32,6,6,0,0,26.2,32,17,13,17,1,2,2,0,0,0,5.74,1.84
Taylor Buchholz,NYM,38,23,0,0,0,26.0,22,9,26,7,5,1,1,0,0,5,3.12,1.12
Tommy Milone,WAS,32,5,5,0,0,26.0,28,11,15,4,2,1,0,0,0,0,3.81,1.23
Edgmer Escalona,COL,33,14,0,0,0,25.2,17,5,14,7,3,0,0,0,0,0,1.75,0.94
Mike Adams,TEX,41,27,0,0,0,25.2,18,6,25,5,3,2,3,1,1,9,2.10,0.90
Sam Demel,ARI,34,34,0,0,0,25.2,31,12,15,13,4,2,2,0,1,6,4.21,1.71
Joe Beimel,PIT,42,35,0,0,0,25.1,34,15,17,9,6,1,1,0,2,7,5.33,1.70
Chris Leroux,PIT,35,23,0,0,0,25.0,26,8,24,7,0,1,1,0,1,2,2.88,1.32
Graham Godfrey,OAK,35,5,4,0,0,25.0,32,11,13,5,3,1,2,0,0,0,3.96,1.48
Octavio Dotel,STL,46,29,0,0,0,24.2,16,9,32,5,1,3,3,2,0,5,3.28,0.85
Randy Choate,FLA,44,54,0,0,0,24.2,13,5,31,13,3,1,1,0,0,14,1.82,1.05
Pat Neshek,SD,39,25,0,0,0,24.2,19,11,20,22,4,1,1,0,0,0,4.01,1.66
Kyle Weiland,BOS,33,7,5,0,0,24.2,29,21,13,12,5,0,3,0,0,0,7.66,1.66
James Hoey,MIN,37,26,0,0,0,24.2,34,15,14,13,4,1,2,0,1,2,5.47,1.91
Daniel Moskos,PIT,33,31,0,0,0,24.1,29,8,11,9,0,1,1,0,0,1,2.96,1.56
Arthur Rhodes,TEX,50,32,0,0,0,24.1,28,13,15,8,6,3,3,1,2,7,4.81,1.48
Chris Young,NYM,40,4,4,0,0,24.0,12,5,22,11,3,1,0,0,0,0,1.88,0.96
Anthony Varvaro,ATL,35,18,0,0,0,24.0,15,7,23,11,3,0,2,0,1,1,2.63,1.08
Carlos Fisher,CIN,36,17,0,0,0,24.0,25,12,17,11,3,0,3,0,0,0,4.50,1.50
Stephen Strasburg,WAS,31,5,5,0,0,24.0,15,4,24,2,0,1,1,0,0,0,1.50,0.71
Liam Hendriks,MIN,31,4,4,0,0,23.1,29,16,16,6,3,0,2,0,0,0,6.17,1.50
Joey Devine,OAK,36,26,0,0,0,23.0,18,9,20,11,0,1,1,0,1,7,3.52,1.26
Marcos Mateo,CHC,35,23,0,0,0,23.0,24,11,25,10,2,1,2,0,0,2,4.30,1.48
Ramon Troncoso,LAD,36,18,0,0,0,22.2,38,17,14,4,5,0,0,0,0,0,6.75,1.85
Marc Rzepczynski,STL,34,28,0,0,0,22.2,22,10,28,11,1,0,3,0,1,8,3.97,1.46
Dustin McGowan,TOR,37,5,4,0,0,21.0,20,15,20,13,4,0,2,0,0,0,6.43,1.57
Chris Schwinden,NYM,33,4,4,0,0,21.0,23,11,17,6,1,0,2,0,0,0,4.71,1.38
Evan Meek,PIT,36,24,0,0,0,20.2,27,8,17,12,1,1,1,0,1,4,3.48,1.89
Brad Ziegler,ARI,40,23,0,0,0,20.2,15,4,15,6,0,0,0,0,0,4,1.74,1.02
Jose Ceda,FLA,33,17,0,0,0,20.1,16,10,21,12,1,0,1,0,0,0,4.43,1.38
Tony Pena,CWS,38,17,0,0,0,20.1,25,14,17,10,2,1,1,0,1,0,6.20,1.72
Michael Bowden,BOS,33,14,0,0,0,20.0,19,9,17,11,3,0,0,0,0,0,4.05,1.50
Jordan Smith,CIN,34,17,0,0,0,20.0,32,16,13,8,3,0,0,0,1,2,7.20,2.00
Fernando Abad,HOU,34,29,0,0,0,19.2,28,16,15,9,5,1,4,0,2,7,7.32,1.88
Julio Teheran,ATL,29,5,3,0,0,19.2,21,11,10,8,4,1,1,0,0,0,5.03,1.47
Brian Bruney,CWS,37,23,0,0,0,19.2,26,15,16,12,4,1,0,0,0,3,6.86,1.93
David Pauley,DET,36,14,0,0,0,19.2,26,13,10,6,4,0,2,0,1,1,5.95,1.63
Brad Lidge,PHI,43,25,0,0,0,19.1,16,3,23,13,0,0,2,1,0,8,1.40,1.50
David Purcey,DET,37,19,0,0,0,18.2,21,15,12,20,1,1,2,0,0,2,7.23,2.20
Matt Maloney,CIN,36,8,2,0,0,18.2,36,19,13,4,7,0,3,0,0,0,9.16,2.14
Dylan Axelrod,CWS,34,4,3,0,0,18.2,18,6,19,9,1,1,0,0,0,0,2.89,1.45
Drew Pomeranz,COL,31,4,4,0,0,18.1,19,11,13,5,0,2,1,0,0,0,5.40,1.31
J.C. Gutierrez,ARI,36,20,0,0,0,18.1,22,11,23,9,3,0,0,0,1,2,5.40,1.69
Cory Gearrin,ATL,33,18,0,0,0,18.1,17,16,25,12,0,1,1,0,1,3,7.85,1.58
Brad Mills,TOR,34,5,4,0,0,18.1,23,20,18,12,4,1,2,0,0,0,9.82,1.91
Willie Eyre,BAL,41,19,0,0,0,18.1,12,7,10,5,2,2,2,0,0,3,3.44,0.93
Dallas Braden,OAK,36,3,3,0,0,18.0,18,6,15,5,2,1,1,0,0,0,3.00,1.28
Koji Uehara,TEX,44,22,0,0,0,18.0,13,8,23,1,5,1,2,0,0,9,4.00,0.78
Zach McAllister,CLE,32,4,4,0,0,17.2,26,12,14,7,1,0,1,0,0,0,6.11,1.87
Brett Tomko,TEX,46,8,0,0,0,17.2,15,9,14,10,4,0,1,0,1,0,4.58,1.42
Josh Kinney,CWS,40,13,0,0,0,17.2,23,13,20,7,1,0,0,0,0,0,6.62,1.70
Jason Frasor,CWS,42,20,0,0,0,17.2,20,10,20,11,3,1,2,0,0,4,5.09,1.75
Zach Braddock,MIL,32,25,0,0,0,17.1,16,14,18,11,2,0,1,0,1,3,7.27,1.56
Arodys Vizcaino,ATL,29,17,0,0,0,17.1,16,9,17,9,1,1,1,0,2,5,4.67,1.44
Josh Roenicke,COL,37,19,0,0,0,16.2,14,7,12,7,1,0,0,0,0,4,3.78,1.26
Jeff Locke,PIT,32,4,4,0,0,16.2,21,12,5,10,3,0,3,0,0,0,6.48,1.86
Darren O'Day,TEX,37,16,0,0,0,16.2,17,10,18,5,7,0,1,0,0,3,5.40,1.32
Zach Stewart,TOR,33,3,3,0,0,16.2,26,9,10,5,2,0,1,0,0,0,4.86,1.86
Clay Rapada,BAL,38,32,0,0,0,16.1,14,11,18,7,3,2,0,0,0,5,6.06,1.29
Doug Slaten,WAS,40,31,0,0,0,16.1,26,8,13,9,3,0,2,0,0,3,4.41,2.14
J.C. Romero,PHI,43,24,0,0,0,16.1,16,7,10,12,0,0,0,0,0,3,3.86,1.71
Brayan Villarreal,DET,32,16,0,0,0,16.0,21,12,14,10,3,1,1,0,0,1,6.75,1.94
Matt Palmer,LAA,40,3,3,0,0,15.2,19,10,7,4,0,1,1,0,0,0,5.74,1.47
Trever Miller,STL,46,39,0,0,0,15.2,19,7,9,10,1,0,1,1,2,4,4.02,1.85
Bobby Jenks,BOS,38,19,0,0,0,15.2,22,11,17,13,1,2,2,0,2,2,6.32,2.23
Joel Carreno,TOR,32,11,0,0,0,15.2,11,2,14,4,1,1,0,0,0,0,1.15,0.96
Tommy Hunter,TEX,33,8,0,0,0,15.1,12,5,10,5,1,1,1,0,1,0,2.93,1.11
Jeremy Jeffress,KC,32,14,0,0,0,15.1,12,8,13,11,1,1,1,1,1,0,4.70,1.50
Jeremy Horst,CIN,34,12,0,0,0,15.1,18,5,9,6,2,0,0,0,0,0,2.93,1.57
Alex White,CLE,31,3,3,0,0,15.0,14,6,13,9,3,1,0,0,0,0,3.60,1.53
Brandon Kintzler,MIL,35,9,0,0,0,14.2,14,6,15,3,3,1,1,0,0,0,3.68,1.16
Felipe Paulino,COL,36,18,0,0,0,14.2,23,12,14,7,3,0,4,0,1,2,7.36,2.05
Trystan Magnuson,OAK,34,9,0,0,0,14.2,15,10,11,5,3,0,0,0,0,0,6.14,1.36
Luis Mendoza,KC,36,2,2,0,0,14.2,11,2,7,5,0,2,0,0,0,0,1.23,1.09
Josh Rupe,BAL,37,9,0,0,0,14.1,16,9,7,6,5,0,0,0,0,0,5.65,1.53
Michael Schwimer,PHI,33,12,0,0,0,14.1,15,8,16,7,2,1,1,0,2,0,5.02,1.53
Chance Ruffin,SEA,31,13,0,0,0,14.0,13,6,15,9,2,1,0,0,0,1,3.86,1.57
Josh Judy,CLE,34,12,0,0,0,14.0,18,11,10,4,4,0,0,0,0,0,7.07,1.57
Cole Kimball,WAS,34,12,0,0,0,14.0,8,3,11,11,0,1,0,0,1,0,1.93,1.36
Evan Scribner,SD,34,10,0,0,0,14.0,18,11,10,4,1,0,0,0,0,0,7.07,1.57
Garrett Richards,LAA,31,7,3,0,0,14.0,16,9,9,7,4,0,2,0,0,0,5.79,1.64
Jose Valdez,HOU,37,12,0,0,0,14.0,17,14,15,7,2,0,0,0,0,1,9.00,1.71
Brian Burres,PIT,38,5,2,0,0,14.0,12,6,10,4,4,1,0,0,0,0,3.86,1.14
Jose Contreras,PHI,48,17,0,0,0,14.0,11,6,13,8,0,0,0,5,0,4,3.86,1.36
Lance Pendleton,NYY,36,11,0,0,0,14.0,10,5,8,10,2,0,0,0,0,0,3.21,1.43
Franklin Morales,COL,34,14,0,0,0,14.0,10,6,11,8,2,0,1,0,0,2,3.86,1.29
Lance Cormier,LAD,39,9,0,0,0,13.2,22,15,7,5,4,0,1,0,0,0,9.88,1.98
Francisco Rodriguez,LAA,36,10,0,0,0,13.2,13,7,7,5,2,0,0,0,0,1,4.61,1.32
Mike McClendon,MIL,34,9,0,0,0,13.2,15,4,10,3,1,3,0,0,0,0,2.63,1.32
Lester Oliveros,MIN,31,10,0,0,0,13.1,13,6,9,7,0,0,0,0,0,0,4.05,1.50
Adam Wilk,DET,32,5,0,0,0,13.1,14,8,10,3,3,0,0,0,0,0,5.40,1.28
Brandon Lyon,HOU,40,15,0,0,0,13.1,27,17,6,5,4,3,3,4,4,0,11.48,2.40
Jeff Gray,CWS,38,6,0,0,0,13.1,13,4,7,4,1,0,0,0,0,0,2.70,1.28
Lucas Harrell,HOU,34,6,2,0,0,13.0,12,5,10,7,0,0,2,0,0,0,3.46,1.46
Brian Tallet,STL,42,18,0,0,0,13.0,20,12,9,5,4,0,1,0,0,2,8.31,1.92
Kevin Jepsen,LAA,35,16,0,0,0,13.0,21,11,6,9,2,1,2,0,1,2,7.62,2.31
Frankie De La Cruz,MIL,35,11,0,0,0,13.0,10,4,9,5,0,0,0,0,0,0,2.77,1.15
Josh Stinson,NYM,31,14,0,0,0,13.0,14,10,8,7,1,0,2,1,1,4,6.92,1.62
Jacob Turner,DET,28,3,3,0,0,12.2,17,12,8,4,3,0,1,0,0,0,8.53,1.66
Shawn Kelley,SEA,35,10,0,0,0,12.2,7,0,10,3,0,0,0,0,0,1,0.00,0.79
David Purcey,OAK,37,9,0,0,0,12.2,9,3,7,3,1,0,0,0,0,1,2.13,0.95
Dustin Hughes,MIN,37,15,0,0,0,12.2,19,14,11,8,4,1,0,0,0,0,9.95,2.13
Jonathan Broxton,LAD,35,14,0,0,0,12.2,15,8,10,9,2,1,2,7,1,0,5.68,1.89
Justin Germano,CLE,37,9,0,0,0,12.2,15,8,5,5,1,0,1,0,0,0,5.68,1.58
John Ely,LAD,33,5,1,0,0,12.2,12,6,13,7,2,0,1,0,0,0,4.26,1.50
Pedro Strop,BAL,34,12,0,0,0,12.1,8,1,12,3,0,2,0,0,1,4,0.73,0.89
Michael Kohn,LAA,33,14,0,0,0,12.1,14,10,9,9,6,0,1,1,1,1,7.30,1.86
Brian Broderick,WAS,33,11,0,0,0,12.1,16,9,4,3,0,0,1,0,0,0,6.57,1.54
Erik Hamren,SD,33,14,0,0,0,12.1,10,6,10,9,2,1,0,0,0,1,4.38,1.54
Brad Peacock,WAS,32,3,2,0,0,12.0,7,1,4,6,0,2,0,0,1,0,0.75,1.08
Wesley Wright,HOU,35,21,0,0,0,12.0,6,2,11,5,1,0,0,0,1,3,1.50,0.92
Eric Stults,COL,40,6,0,0,0,12.0,11,8,7,4,4,0,0,0,0,0,6.00,1.25
Justin Berg,CHC,35,8,0,0,0,12.0,11,5,6,6,1,0,0,0,0,0,3.75,1.42
Sean Green,MIL,40,14,0,0,0,11.2,14,7,7,6,0,0,1,0,0,1,5.40,1.71
Alberto Castillo,ARI,44,17,0,0,0,11.2,10,3,6,7,0,1,0,0,0,3,2.31,1.46
Jason Marquis,ARI,41,3,3,0,0,11.1,22,12,5,4,3,0,1,0,0,0,9.53,2.29
Steve Edlefsen,SF,34,13,0,0,0,11.1,17,12,6,10,2,0,0,0,0,1,9.53,2.38
Alex Sanabia,FLA,31,3,2,0,0,11.0,13,4,8,3,2,0,0,0,0,0,3.27,1.45
Mark Hendrickson,BAL,45,8,0,0,0,11.0,15,7,5,6,1,1,0,0,0,0,5.73,1.91
Brad Thomas,DET,42,12,0,0,0,11.0,17,11,7,6,1,0,1,0,0,0,9.00,2.09
Kyle Waldrop,MIN,34,7,0,0,0,11.0,10,7,5,6,1,1,0,0,0,0,5.73,1.45
Scott Proctor,NYY,43,8,0,0,0,11.0,19,11,11,12,6,0,3,0,0,0,9.00,2.82
Nick Hagadone,CLE,34,9,0,0,0,11.0,4,5,11,6,0,1,0,0,0,0,4.09,0.91
Jared Hughes,PIT,34,12,0,0,0,11.0,9,5,10,4,1,0,1,0,0,2,4.09,1.18
Mitch Atkins,BAL,34,3,3,0,0,10.2,21,10,7,3,5,0,0,0,0,0,8.44,2.25
Andrew Cashner,CHC,33,7,1,0,0,10.2,3,2,8,4,1,0,0,0,0,1,1.69,0.66
Daniel Cortes,SEA,32,10,0,0,0,10.2,13,7,3,6,1,0,2,0,0,1,5.91,1.78
Aaron Laffey,NYY,34,11,0,0,0,10.2,13,4,6,5,0,2,1,0,0,0,3.38,1.69
Michael Crotta,PIT,35,15,0,0,0,10.2,20,11,7,5,2,0,1,0,1,2,9.28,2.34
Chris Hatcher,FLA,35,11,0,0,0,10.1,14,8,8,4,2,0,0,0,0,0,6.97,1.74
Jairo Asencio,ATL,35,6,0,0,0,10.1,16,8,8,5,1,0,0,0,1,0,6.97,2.03
Chuck James,MIN,38,8,0,0,0,10.1,12,7,8,4,1,0,0,0,0,0,6.10,1.55
Felix Doubront,BOS,32,11,0,0,0,10.1,12,7,6,8,1,0,0,1,0,0,6.10,1.94
Craig Stammen,WAS,35,7,0,0,0,10.1,3,1,12,4,0,1,1,0,0,1,0.87,0.68
Dale Thayer,NYM,39,11,0,0,0,10.1,12,4,5,0,0,0,3,0,0,0,3.48,1.16
Brian Gordon,NYY,41,2,2,0,0,10.1,12,6,4,3,3,0,1,0,0,0,5.23,1.45
Joe Thatcher,SD,38,18,0,0,0,10.0,8,5,9,7,1,0,0,0,0,2,4.50,1.50
Pedro Strop,TEX,34,11,0,0,0,9.2,7,4,9,7,0,0,1,0,1,0,3.72,1.45
Chris Carpenter,CHC,34,10,0,0,0,9.2,12,3,8,7,1,0,0,0,0,0,2.79,1.97
Andy Oliver,DET,32,2,2,0,0,9.2,11,7,5,8,3,0,1,0,0,0,6.52,1.97
Matt Moore,TB,30,3,1,0,0,9.1,9,3,15,3,1,1,0,0,0,1,2.89,1.29
Drew Carpenter,PHI,34,6,0,0,0,9.1,13,8,10,4,2,0,0,0,1,0,7.71,1.82
Jason Bulger,LAA,41,5,0,0,0,9.1,6,1,7,10,2,0,1,0,0,0,0.96,1.71
Enrique Gonzalez,DET,37,8,0,0,0,9.0,12,10,3,7,1,0,0,0,1,0,10.00,2.11
Horacio Ramirez,LAA,40,12,0,0,0,9.0,16,6,4,2,1,1,0,0,0,0,6.00,2.00
Rick VandenHurk,BAL,34,4,2,0,0,9.0,12,8,7,8,4,0,0,0,0,0,8.00,2.22
Cody Eppley,TEX,34,10,0,0,0,9.0,11,8,6,5,3,1,1,0,1,2,8.00,1.78
Vicente Padilla,LAD,42,9,0,0,0,8.2,7,4,9,5,0,0,0,3,0,5,4.15,1.38
Arthur Rhodes,STL,50,19,0,0,0,8.2,6,4,6,3,2,0,1,0,0,4,4.15,1.04
J.C. Romero,COL,43,12,0,0,0,8.1,12,4,9,3,1,1,0,0,0,0,4.32,1.80
Chad Gaudin,WAS,36,10,0,0,0,8.1,12,6,10,8,1,1,1,0,0,2,6.48,2.40
Randy Williams,BOS,44,7,0,0,0,8.1,10,6,6,5,0,0,1,0,0,1,6.48,1.80
Hideki Okajima,BOS,44,7,0,0,0,8.1,7,4,6,5,0,1,0,0,0,0,4.32,1.44
Peter Moylan,ATL,41,13,0,0,0,8.1,12,3,10,3,0,2,1,0,0,2,3.24,1.80
Brandon Dickson,STL,35,4,1,0,0,8.1,9,3,7,3,2,0,0,0,0,0,3.24,1.44
Bobby Cramer,OAK,40,5,0,0,0,8.1,6,1,6,1,1,0,1,0,0,0,1.08,0.84
Lester Oliveros,DET,31,9,0,0,0,8.0,8,5,4,4,0,0,0,0,0,1,5.63,1.50
Zach Phillips,BAL,33,10,0,0,0,8.0,6,1,8,2,1,0,0,0,0,0,1.13,1.00
Tim Wood,PIT,37,13,0,0,0,8.0,8,5,2,8,1,0,3,0,0,3,5.63,2.00
Mark Hamburger,TEX,33,5,0,0,0,8.0,5,4,6,3,0,1,0,0,0,0,4.50,1.00
Alex Torres,TB,32,4,0,0,0,8.0,8,3,9,7,0,1,1,0,0,0,3.38,1.88
Daniel Herrera,NYM,35,16,0,0,0,8.0,7,1,5,2,0,0,1,0,0,1,1.13,1.13
Rich Hill,BOS,39,9,0,0,0,8.0,3,0,12,3,0,0,0,0,0,3,0.00,0.75
Buddy Carlyle,NYY,42,8,0,0,0,7.2,5,4,9,7,1,0,1,0,0,0,4.70,1.57
Aaron Thompson,PIT,32,4,1,0,0,7.2,13,6,1,6,2,0,0,0,0,0,7.04,2.48
Jesse Chavez,KC,36,4,0,0,0,7.2,12,9,8,5,3,0,0,0,0,0,10.57,2.22
Ryan Cook,ARI,32,12,0,0,0,7.2,11,6,7,8,0,0,1,0,0,1,7.04,2.48
Dane De La Rosa,TB,37,7,0,0,0,7.1,10,8,8,3,1,0,0,0,0,0,9.82,1.77
Addison Reed,CWS,31,6,0,0,0,7.1,10,3,12,1,1,0,0,0,0,0,3.68,1.50
Zach Putnam,CLE,32,8,0,0,0,7.1,10,5,9,0,1,1,1,0,1,0,6.14,1.36
Robinson Tejeda,KC,37,9,0,0,0,7.1,12,5,2,3,2,0,1,0,0,2,6.14,2.05
Pat Misch,NYM,38,6,0,0,0,7.0,11,8,5,4,1,1,0,0,0,0,10.29,2.14
Mike Gonzalez,TEX,41,7,0,0,0,7.0,5,4,5,3,0,0,0,0,0,2,5.14,1.14
Jim Miller,COL,37,6,0,0,0,7.0,3,2,5,4,0,0,0,0,0,0,2.57,1.00
Jeff Stevens,CHC,36,4,0,0,0,7.0,4,4,4,7,1,0,0,0,0,0,5.14,1.57
Mitch Stetter,MIL,39,16,0,0,0,7.0,8,4,7,1,2,0,0,0,0,1,5.14,1.29
Scott Maine,CHC,35,7,0,0,0,7.0,11,8,5,5,4,0,0,0,0,1,10.29,2.29
Brad Brach,SD,33,9,0,0,0,7.0,9,4,11,7,0,0,2,0,0,0,5.14,2.29
Steve Delabar,SEA,36,6,0,0,0,7.0,5,2,7,4,1,1,1,0,0,0,2.57,1.29
Amaury Sanit,NYY,40,4,0,0,0,7.0,12,10,4,3,0,0,0,0,0,0,12.86,2.14
Juan Abreu,HOU,34,7,0,0,0,6.2,6,2,12,3,1,0,0,0,0,0,2.70,1.35
Jordan Norberto,OAK,33,6,0,0,0,6.2,8,6,4,7,0,0,0,0,0,0,8.10,2.25
Mike O'Connor,NYM,39,9,0,0,0,6.2,5,2,8,3,0,0,1,0,1,2,2.70,1.20
Chad Reineke,CIN,37,2,1,0,0,6.2,5,5,3,6,2,0,1,0,0,0,6.75,1.65
Cesar Jimenez,SEA,35,8,0,0,0,6.2,6,4,7,3,0,1,0,0,0,0,5.40,1.35
Raul Valdes,NYY,42,6,0,0,0,6.2,8,2,8,2,1,0,0,0,0,0,2.70,1.50
Kameron Mickolio,ARI,35,6,0,0,0,6.2,10,5,7,3,0,0,0,0,0,1,6.75,1.95
Blaine Boyer,NYM,38,5,0,0,0,6.2,13,8,1,1,2,0,2,1,0,0,10.80,2.10
Andrew Carignan,OAK,33,6,0,0,0,6.1,8,3,5,2,1,0,0,0,0,0,4.26,1.58
Kanekoa Texeira,KC,34,6,0,0,0,6.1,13,2,0,3,0,0,0,0,0,1,2.84,2.53
Waldis Joaquin,SF,33,5,0,0,0,6.1,6,3,3,3,0,1,0,0,0,0,4.26,1.42
Jose Ascanio,PIT,34,8,0,0,0,6.1,10,5,5,2,2,0,0,0,0,0,7.11,1.89
Shane Lindsay,CWS,35,4,0,0,0,6.0,11,8,6,5,1,0,0,0,0,0,12.00,2.67
George Kontos,NYY,34,7,0,0,0,6.0,4,2,6,3,1,0,0,0,0,0,3.00,1.17
Wil Ledezma,TOR,39,5,0,0,0,6.0,11,10,6,7,1,0,0,0,0,0,15.00,3.00
Yhency Brazoban,ARI,39,6,0,0,0,6.0,8,4,8,4,1,0,0,0,1,2,6.00,2.00
Matt Daley,COL,37,7,0,0,0,6.0,8,7,7,2,1,0,0,0,0,0,10.50,1.67
Bryan Augenstein,STL,33,5,0,0,0,5.2,11,6,6,3,1,0,1,0,0,0,9.53,2.47
Jarrod Parker,ARI,31,1,1,0,0,5.2,4,0,1,1,0,0,0,0,0,0,0.00,0.88
Eric Hacker,MIN,36,2,0,0,0,5.1,4,0,2,4,0,0,0,0,0,0,0.00,1.50
Mason Tobin,TEX,32,4,0,0,0,5.1,5,4,0,5,1,0,0,0,0,0,6.75,1.88
Drew Carpenter,SD,34,6,0,0,0,5.1,6,5,6,3,1,0,0,0,0,0,8.44,1.69
Raul Valdes,STL,42,7,0,0,0,5.1,6,2,7,4,0,0,1,0,0,0,3.38,1.88
Sergio Mitre,NYY,38,4,0,0,0,5.1,9,7,2,4,0,0,0,0,0,0,11.81,2.44
Hector Santiago,CWS,32,2,0,0,0,5.1,1,0,2,1,0,0,0,0,0,0,0.00,0.38
Bruce Billings,OAK,34,3,0,0,0,5.0,8,7,7,6,1,0,0,0,0,0,12.60,2.80
Rommie Lewis,TOR,37,6,0,0,0,5.0,12,5,5,2,1,0,0,0,0,0,9.00,2.80
Scott Mathieson,PHI,35,4,0,0,0,5.0,9,0,5,3,0,0,0,0,0,0,0.00,2.40
Juan Perez,PHI,39,8,0,0,0,5.0,1,2,8,5,0,1,0,0,0,1,3.60,1.20
Ryan Tucker,TEX,33,5,0,0,0,5.0,6,4,4,4,1,0,0,0,0,0,7.20,2.00
Lucas Harrell,CWS,34,3,0,0,0,5.0,11,4,5,1,0,0,0,0,0,0,7.20,2.40
Neil Wagner,OAK,36,6,0,0,0,5.0,6,4,4,3,1,0,0,0,0,0,7.20,1.80
Robert Delaney,TB,35,4,0,0,0,5.0,4,6,3,7,0,0,0,0,0,1,10.80,2.20
Jared Burton,CIN,38,6,0,0,0,4.2,6,2,3,3,1,0,0,0,0,1,3.86,1.93
Lance Pendleton,HOU,36,4,0,0,0,4.2,10,9,5,1,4,0,0,0,0,0,17.36,2.36
Atahualpa Severino,WAS,35,6,0,0,0,4.2,5,2,7,1,1,1,0,0,0,1,3.86,1.29
Maikel Cleto,STL,30,3,0,0,0,4.1,7,6,6,4,2,0,0,0,0,0,12.46,2.54
Garrett Olson,PIT,36,4,0,0,0,4.1,2,1,4,3,0,1,1,0,0,0,2.08,1.15
Corey Kluber,CLE,33,3,0,0,0,4.1,6,4,5,3,0,0,0,0,0,0,8.31,2.08
Merkin Valdez,TEX,37,5,0,0,0,4.1,7,3,6,1,2,0,0,0,0,0,6.23,1.85
Tommy Hottovy,BOS,38,8,0,0,0,4.0,4,3,2,3,0,0,0,0,0,2,6.75,1.75
Jeff Marquez,NYY,35,3,0,0,0,4.0,5,1,2,0,0,0,0,0,0,0,2.25,1.25
P.J. Walters,STL,34,4,0,0,0,4.0,3,4,3,2,1,0,0,0,0,0,9.00,1.25
Zach Kroenke,ARI,35,4,0,0,0,4.0,6,4,3,1,1,0,1,0,0,0,9.00,1.75
Justin De Fratus,PHI,32,5,0,0,0,4.0,1,1,3,3,0,1,0,0,0,0,2.25,1.00
Alan Johnson,COL,,1,1,0,0,4.0,6,4,3,3,0,0,0,0,0,0,9.00,2.25
Chance Ruffin,DET,31,2,0,0,0,3.2,5,2,3,0,2,0,0,0,0,0,4.91,1.36
Sandy Rosario,FLA,34,4,0,0,0,3.2,5,1,2,2,0,0,0,0,0,0,2.45,1.91
Luis Marte,DET,33,4,0,0,0,3.2,6,1,3,1,0,1,0,0,0,0,2.45,1.91
Pedro Viola,BAL,36,4,0,0,0,3.2,6,4,4,2,3,0,0,0,0,0,9.82,2.18
Trever Miller,TOR,46,6,0,0,0,3.2,6,2,2,2,1,0,0,0,1,1,4.91,2.18
Mike Zagurski,PHI,37,4,0,0,0,3.1,4,2,4,3,1,0,0,0,0,0,5.40,2.10
Jeff Manship,MIN,35,5,0,0,0,3.1,5,3,2,4,0,0,0,0,0,0,8.10,2.70
Mark DiFelice,MIL,43,3,0,0,0,3.0,3,4,3,2,1,0,0,0,0,0,12.00,1.67
Samuel Deduno,SD,36,2,0,0,0,3.0,5,1,4,3,0,0,0,0,0,0,3.00,2.67
Daryl Thompson,CIN,34,1,0,0,0,3.0,6,5,0,5,0,0,1,0,0,0,15.00,3.67
Junichi Tazawa,BOS,33,3,0,0,0,3.0,3,2,4,1,1,0,0,0,0,0,6.00,1.33
Jay Buente,FLA,36,1,1,0,0,3.0,5,3,1,3,0,0,1,0,0,0,9.00,2.67
Elih Villanueva,FLA,33,1,1,0,0,3.0,5,8,2,5,1,0,1,0,0,0,24.00,3.33
John Gaub,CHC,34,4,0,0,0,2.2,2,2,3,2,0,0,0,0,0,0,6.75,1.50
Dellin Betances,NYY,31,2,1,0,0,2.2,1,2,2,6,0,0,0,0,0,0,6.75,2.63
Joe Savery,PHI,34,4,0,0,0,2.2,1,0,2,0,0,0,0,0,0,1,0.00,0.38
Andrew Brackman,NYY,34,3,0,0,0,2.1,1,0,0,3,0,0,0,0,0,0,0.00,1.71
Kris Medlen,ATL,34,2,0,0,0,2.1,1,0,2,0,0,0,0,0,0,0,0.00,0.43
Anthony Slama,MIN,36,2,0,0,0,2.1,0,0,3,2,0,0,0,0,0,1,0.00,0.86
David Purcey,TOR,37,5,0,0,0,2.1,3,3,3,4,0,0,0,0,0,0,11.57,3.00
Chad Beck,TOR,35,3,0,0,0,2.1,1,0,3,0,0,0,0,0,0,0,0.00,0.43
Danny Farquhar,TOR,32,3,0,0,0,2.0,4,3,1,2,0,0,0,0,0,0,13.50,3.00
Bruce Billings,COL,34,1,0,0,0,2.0,5,1,0,0,0,0,0,0,0,0,4.50,2.50
Jay Buente,TB,36,1,0,0,0,2.0,2,2,1,2,0,0,0,0,0,0,9.00,2.00
Mike Fiers,MIL,34,2,0,0,0,2.0,2,0,2,3,0,0,0,0,0,0,0.00,2.50
Trever Miller,BOS,46,3,0,0,0,2.0,0,0,1,0,0,0,0,0,0,0,0.00,0.00
Edgar Gonzalez,COL,36,1,0,0,0,2.0,5,2,1,1,0,0,0,0,0,0,9.00,3.00
Kelvin Herrera,KC,30,2,0,0,0,2.0,2,3,0,0,1,0,1,0,0,1,13.50,1.00
Mark Worrell,BAL,36,4,0,0,0,2.0,6,8,3,2,2,0,0,0,0,0,36.00,4.00
Kevin Whelan,NYY,36,2,0,0,0,1.2,0,1,1,5,0,0,0,0,0,0,5.40,3.00
Jeff Fulchino,SD,40,3,0,0,0,1.2,3,3,2,4,0,0,0,0,0,0,16.20,4.20
Daniel Herrera,MIL,35,2,0,0,0,1.2,6,4,0,1,1,0,0,0,0,0,21.60,4.20
Xavier Cedeno,HOU,33,3,0,0,0,1.2,7,5,0,0,2,0,0,0,0,0,27.00,4.20
Scott Kazmir,LAA,36,1,1,0,0,1.2,5,5,0,2,1,0,0,0,0,0,27.00,4.20
Dennys Reyes,BOS,42,4,0,0,0,1.2,2,3,1,2,0,0,0,0,0,0,16.20,2.40
Robbie Weinhardt,DET,34,2,0,0,0,1.2,4,2,1,0,0,0,0,0,0,0,10.80,2.40
Rafael Dolis,CHC,32,1,0,0,0,1.1,0,0,1,1,0,0,0,0,0,0,0.00,0.75
Michael Ekstrom,TB,36,1,0,0,0,1.0,1,0,1,0,0,0,0,0,0,0,0.00,1.00
P.J. Walters,TOR,34,1,0,0,0,1.0,0,0,1,1,0,0,0,0,0,0,0.00,1.00
Steve Garrison,NYY,33,1,0,0,0,0.2,0,0,0,0,0,0,0,0,0,0,0.00,0.00
Brian Tallet,TOR,42,1,0,0,0,0.1,2,2,1,2,0,0,1,0,1,0,54.00,12.00
Scott Richmond,TOR,40,1,0,0,0,0.1,0,0,0,0,0,0,0,0,0,0,0.00,0.00