Rk,Name,Date,To Team,From Team,Age,WAR3,Yrs,G,AB,R,H,HR,RBI,SB,BB,BA,OBP,SLG,OPS,W,L,ERA,WHIP,G,GS,SV,IP,H,HR,BB,SO
1,J.P. Arencibia\arencjp01,2016-05-20,Tampa Bay Rays,TBR,30,-0.5,6,466,1573,169,333,80,245,2,85,.212,.258,.412,.670,,,,,,,,,,,,
2,Robbie Grossman\grossro01,2016-05-16,Minnesota Twins,HOU,26,1.7,3,190,666,78,160,11,63,15,83,.240,.327,.341,.668,,,,,,,,,,,,
3,Hector Sanchez\sanchhe01,2016-05-11,San Diego Padres,SFG,26,-0.6,5,244,597,43,143,10,87,0,25,.240,.274,.345,.619,,,,,,,,,,,,
4,David Carpenter\carpeda01,2016-05-10,Los Angeles Angels of Anaheim,WSN,30,2.2,5,188,5,0,1,0,0,0,0,.200,.200,.200,.400,11,11,3.66,1.344,218,0,4,211.1,210,22,74,216
5,Nate Freiman\freimna01,2016-05-10,Boston Red Sox,OAK,29,-0.1,2,,,,,,,,,,,,,,,,,,,,,,,,
6,Brendan Ryan\ryanbr01,2016-05-10,Los Angeles Angels of Anaheim,CHC,34,-0.5,9,879,2578,303,603,19,203,67,198,.234,.295,.315,.610,0,0,0.00,1.000,1,0,0,2.0,2,0,0,0
7,Rafael Lopez\lopezra02,2016-05-03,Cincinnati Reds,LAA,28,-0.1,1,7,11,0,2,0,1,0,2,.182,.286,.182,.468,,,,,,,,,,,,
8,Bobby Wilson\wilsobo02,2016-05-03,Texas Rangers,TEX,33,-0.2,7,249,525,44,107,9,51,0,45,.204,.267,.303,.570,,,,,,,,,,,,
9,Andrew Albers\alberan01,2016-04-29,Minnesota Twins,TOR,30,0.3,2,0,0,0,0,0,0,0,0,,,,,2,5,4.02,1.181,11,10,0,62.2,65,7,9,26
10,Wandy Rodriguez\rodriwa01,2016-04-29,Baltimore Orioles,KCR,37,-0.4,11,253,447,24,60,0,21,0,10,.134,.153,.157,.309,97,98,4.10,1.345,275,263,0,1557.1,1560,185,534,1281
11,Charles Brewer\brewech01,2016-04-26,Arizona Diamondbacks,CLE,28,0.1,2,,,,,,,,,,,,,,,,,,,,,,,,
12,Luke Carlin\carlilu01,2016-04-25,Cleveland Indians,CHC,35,,7,,,,,,,,,,,,,,,,,,,,,,,,
13,Kyle Kendrick\kendrky01,2016-04-23,Los Angeles Angels of Anaheim,COL,31,0.7,9,247,373,23,52,1,9,0,18,.139,.185,.177,.362,81,81,4.63,1.385,253,212,0,1281.0,1406,176,368,702
14,Joe Thatcher\thatcjo01,2016-04-21,Los Angeles Dodgers,HOU,34,1.0,9,327,1,0,0,0,0,0,0,.000,.000,.000,.000,11,16,3.38,1.316,405,0,1,260.2,252,19,91,270
15,Cody Decker\deckeco01,2016-04-20,Colorado Rockies,SDP,29,-0.3,1,8,11,0,0,0,1,0,0,.000,.000,.000,.000,,,,,,,,,,,,
16,Steven Lerud\lerudst01,2016-04-19,San Francisco Giants,WSN,31,-0.1,3,,,,,,,,,,,,,,,,,,,,,,,,
17,Humberto Quintero\quinthu01,2016-04-19,Detroit Tigers,BOS,36,0.5,12,,,,,,,,,,,,,,,,,,,,,,,,
18,David Murphy\murphda07,2016-04-14,Minnesota Twins,LAA,34,-0.7,10,1110,3467,440,950,104,472,54,316,.274,.333,.432,.765,0,0,0.00,3.000,2,0,0,1.1,3,1,1,1
19,Alex Torres\torreal01,2016-04-14,San Francisco Giants,NYM,28,2.0,4,106,2,0,0,0,0,0,0,.000,.000,.000,.000,7,4,2.68,1.283,152,0,1,154.1,112,9,86,157
20,Wesley Wright\wrighwe01,2016-04-12,Boston Red Sox,LAA,31,1.5,8,283,16,2,1,0,0,0,0,.063,.063,.063,.125,10,18,4.16,1.397,371,4,2,307.0,294,38,135,295
21,Emilio Bonifacio\bonifem01,2016-04-10,Atlanta Braves,CHC,31,1.3,9,769,2534,347,656,13,159,165,211,.259,.316,.337,.652,,,,,,,,,,,,
22,Burke Badenhop\badenbu01,2016-04-08,Texas Rangers,CIN,33,1.6,8,277,33,1,3,0,2,0,1,.091,.118,.121,.239,20,27,3.74,1.312,418,10,4,512.1,519,35,153,350
23,Neal Cotts\cottsne01,2016-04-07,Los Angeles Angels of Anaheim,MIN,36,3.4,10,145,2,0,1,0,0,0,0,.500,.500,1.000,1.500,21,24,3.96,1.351,483,5,4,443.1,405,58,194,421
24,Jake Goebbert\goebbja01,2016-04-06,Tampa Bay Rays,SDP,28,-0.2,1,,,,,,,,,,,,,,,,,,,,,,,,
25,Sam LeCure\lecursa01,2016-04-06,Los Angeles Dodgers,CIN,32,1.3,6,238,22,2,2,0,0,0,1,.091,.167,.182,.348,10,16,3.51,1.263,250,10,1,320.2,281,31,124,300
26,Carlos Corporan\corpoca01,2016-04-02,Tampa Bay Rays,TEX,32,0.7,6,232,701,63,153,20,78,0,44,.218,.280,.342,.622,,,,,,,,,,,,
27,Jeremy Guthrie\guthrje01,2016-04-02,San Diego Padres,KCR,37,0.7,12,41,60,3,6,0,1,0,1,.100,.129,.133,.262,91,108,4.37,1.338,305,272,0,1764.2,1856,250,506,1046
28,Franklin Morales\moralfr01,2016-04-02,Toronto Blue Jays,KCR,30,0.4,9,148,62,4,11,0,2,0,4,.177,.227,.177,.405,23,29,4.52,1.442,300,47,11,486.0,480,60,221,383
29,Dale Thayer\thayeda01,2016-04-02,Los Angeles Dodgers,SDP,35,1.7,7,239,3,0,0,0,0,0,0,.000,.000,.000,.000,11,17,3.47,1.212,264,0,9,251.2,239,30,66,213
30,Clint Barmes\barmecl01,2016-04-01,Kansas City Royals,SDP,37,1.7,13,1186,3805,434,932,89,415,43,216,.245,.294,.379,.673,,,,,,,,,,,,
31,Brian Duensing\duensbr01,2016-04-01,Kansas City Royals,MIN,33,2.0,7,27,7,0,0,0,0,0,0,.000,.000,.000,.000,41,37,4.13,1.384,354,61,2,649.1,691,64,208,428
32,Justin Maxwell\maxweju01,2016-04-01,Boston Red Sox,SFG,32,-0.6,7,441,1057,145,233,41,133,28,115,.220,.303,.399,.702,,,,,,,,,,,,
33,Travis Snider\snidetr01,2016-04-01,Kansas City Royals,PIT,28,2.1,8,630,1783,214,435,54,212,22,167,.244,.311,.399,.709,,,,,,,,,,,,
34,David Holmberg\holmbda01,2016-03-31,Chicago White Sox,CIN,24,-0.9,3,13,14,2,1,0,0,0,2,.071,.235,.071,.307,3,6,6.24,1.677,14,12,0,62.0,69,18,35,33
35,Shane Robinson\robinsh01,2016-03-31,Los Angeles Angels of Anaheim,MIN,31,0.8,6,351,582,74,138,5,53,13,56,.237,.302,.313,.615,0,0,0.00,1.000,1,0,0,1.0,0,0,1,1
36,Don Kelly\kellydo01,2016-03-30,Miami Marlins,MIA,36,-1.0,8,571,1071,146,248,23,95,16,90,.232,.296,.335,.631,,,,,,,,,,,,
37,Casey McGehee\mcgehca01,2016-03-30,Detroit Tigers,MIA,33,0.1,7,820,2706,281,700,67,379,7,246,.259,.319,.389,.708,,,,,,,,,,,,
38,Peter Moylan\moylape01,2016-03-30,Kansas City Royals,ATL,37,-0.3,9,323,7,0,0,0,0,0,1,.000,.125,.000,.125,22,9,2.83,1.317,331,0,4,286.1,256,18,121,221
39,Edward Mujica\mujiced01,2016-03-30,Philadelphia Phillies,OAK,32,1.1,10,319,11,1,2,0,0,0,0,.182,.182,.182,.364,24,28,3.85,1.171,494,4,50,546.2,551,76,89,423
40,Bobby Parnell\parnebo01,2016-03-30,Detroit Tigers,NYM,31,-0.2,8,314,9,1,1,0,0,0,0,.111,.111,.111,.222,20,28,3.78,1.428,329,8,37,331.1,340,18,133,293
41,Drew Stubbs\stubbdr01,2016-03-30,Atlanta Braves,TEX,31,3.4,7,842,2732,431,667,89,276,152,263,.244,.313,.395,.708,,,,,,,,,,,,
42,Munenori Kawasaki\kawasmu01,2016-03-29,Chicago Cubs,TOR,35,2.2,4,262,612,77,143,1,50,10,66,.234,.314,.284,.599,,,,,,,,,,,,
43,Manny Parra\parrama01,2016-03-29,Chicago Cubs,CIN,33,0.3,8,304,144,10,27,0,13,0,6,.188,.229,.278,.507,29,41,4.90,1.583,322,74,1,628.0,693,70,301,592
44,Shane Victorino\victosh01,2016-03-29,Chicago Cubs,LAA,35,6.8,12,1299,4630,731,1274,108,489,231,381,.275,.340,.425,.765,,,,,,,,,,,,
45,Erik Kratz\kratzer01,2016-03-28,Houston Astros,PHI,36,-0.1,6,192,514,52,112,23,69,0,36,.218,.270,.397,.667,,,,,,,,,,,,
46,Will Venable\venabwi01,2016-03-28,Philadelphia Phillies,TEX,33,4.6,8,955,2818,376,706,81,307,135,254,.251,.317,.406,.722,,,,,,,,,,,,
47,Eric O'Flaherty\oflaher01,2016-03-27,Atlanta Braves,NYM,31,-0.5,10,309,2,0,0,0,0,0,0,.000,.000,.000,.000,22,11,3.24,1.302,435,0,1,369.1,348,21,133,281
48,Ross Ohlendorf\ohlenro01,2016-03-26,Cincinnati Reds,TEX,33,1.1,8,91,137,5,10,1,5,0,4,.073,.099,.095,.194,25,34,4.84,1.441,145,80,1,521.0,561,76,190,376
49,Jeff Bianchi\biancje01,2016-03-24,Colorado Rockies,BOS,29,0.5,4,165,377,34,81,4,40,4,18,.215,.250,.281,.531,,,,,,,,,,,,
50,Marlon Byrd\byrdma01,2016-03-18,Cleveland Indians,SFG,38,8.9,14,1539,5464,729,1503,154,691,56,371,.275,.329,.430,.759,,,,,,,,,,,,
51,Justin De Fratus\defraju01,2016-03-18,Seattle Mariners,PHI,28,0.7,5,181,4,0,1,0,0,0,0,.250,.250,.250,.500,7,6,4.08,1.376,191,0,0,194.0,190,16,77,170
52,Steve Johnson\johnsst02,2016-03-17,Seattle Mariners,BAL,28,-0.5,3,0,0,0,0,0,0,0,0,,,,,5,1,4.25,1.365,27,5,0,59.1,45,8,36,69
53,Alfredo Simon\simonal01,2016-03-17,Cincinnati Reds,DET,35,2.6,8,129,75,2,8,0,2,0,1,.107,.118,.147,.265,45,40,4.17,1.339,240,82,19,716.1,721,90,238,490
54,Chris Volstad\volstch01,2016-03-17,Chicago White Sox,PIT,29,-0.3,7,126,201,11,28,0,7,0,2,.139,.148,.169,.317,35,51,4.92,1.453,131,123,0,705.2,777,89,248,442
55,Julio Borbon\borboju01,2016-03-13,Baltimore Orioles,BAL,30,-0.2,4,288,789,111,215,8,76,47,49,.272,.318,.347,.666,,,,,,,,,,,,
56,Randy Choate\choatra01,2016-03-11,Toronto Blue Jays,STL,40,1.3,15,433,5,0,0,0,0,0,1,.000,.167,.000,.167,16,14,3.90,1.287,672,0,7,408.0,350,20,175,348
57,David Freese\freesda01,2016-03-11,Pittsburgh Pirates,LAA,33,3.4,7,721,2453,301,677,68,348,8,220,.276,.344,.417,.761,,,,,,,,,,,,
58,Pedro Alvarez\alvarpe01,2016-03-10,Baltimore Orioles,PIT,29,4.3,6,742,2500,300,590,131,401,14,259,.236,.309,.441,.750,,,,,,,,,,,,
59,Alexi Casilla\casilal01,2016-03-09,Toronto Blue Jays,DET,31,0.4,9,,,,,,,,,,,,,,,,,,,,,,,,
60,Austin Jackson\jacksau01,2016-03-06,Chicago White Sox,CHC,29,6.9,6,860,3392,522,925,55,296,106,298,.273,.333,.399,.732,,,,,,,,,,,,
61,Dan Johnson\johnsda06,2016-03-05,Tampa Bay Rays,STL,36,-0.7,10,443,1382,179,324,57,203,1,214,.234,.335,.405,.741,,,,,,,,,,,,
62,Ryan Raburn\raburry01,2016-03-04,Colorado Rockies,CLE,35,1.6,10,808,2184,303,560,82,322,16,178,.256,.318,.440,.757,0,0,0.00,1.200,2,0,0,1.2,1,0,1,1
63,Matt Thornton\thornma01,2016-03-03,San Diego Padres,WSN,39,2.6,12,117,1,0,0,0,0,0,0,.000,.000,.000,.000,35,46,3.35,1.265,730,1,23,645.2,572,50,245,633
64,Chris Denorfia\denorch01,2016-03-02,New York Yankees,CHC,35,3.8,10,808,2162,289,587,41,196,56,187,.272,.330,.392,.722,0,0,0.00,0.000,1,0,0,0.1,0,0,0,0
65,Ian Desmond\desmoia01,2016-02-29,Texas Rangers,WSN,30,9.5,7,927,3480,424,917,110,432,122,232,.264,.312,.424,.736,,,,,,,,,,,,
66,Josh Roenicke\roenijo01,2016-02-29,Los Angeles Angels of Anaheim,MIL,33,0.2,7,,,,,,,,,,,,,,,,,,,,,,,,
67,Justin Sellers\selleju01,2016-02-28,San Diego Padres,CHW,30,-0.5,4,,,,,,,,,,,,,,,,,,,,,,,,
68,Rafael Soriano\soriara01,2016-02-28,Toronto Blue Jays,CHC,36,1.5,14,315,4,0,0,0,0,0,0,.000,.000,.000,.000,24,28,2.89,1.078,591,8,207,636.1,489,62,197,641
69,Juan Uribe\uribeju01,2016-02-28,Cleveland Indians,NYM,37,9.8,15,1753,5923,705,1519,192,791,48,373,.256,.303,.421,.724,,,,,,,,,,,,
70,Wilkin Castillo\castiwi01,2016-02-26,Toronto Blue Jays,PIT,32,,2,22,35,6,11,0,2,0,1,.314,.333,.343,.676,,,,,,,,,,,,
71,Matt Clark\clarkma02,2016-02-26,Chicago Cubs,MIL,29,-0.1,1,,,,,,,,,,,,,,,,,,,,,,,,
72,Robinzon Diaz\diazro01,2016-02-26,Toronto Blue Jays,MIL,32,,7,,,,,,,,,,,,,,,,,,,,,,,,
73,Omir Santos\santoom01,2016-02-26,Cleveland Indians,CLE,35,0.0,7,,,,,,,,,,,,,,,,,,,,,,,,
74,Domonic Brown\browndo01,2016-02-25,Toronto Blue Jays,PHI,28,1.4,6,493,1591,188,391,54,229,23,138,.246,.305,.405,.710,,,,,,,,,,,,
75,Dexter Fowler\fowlede01,2016-02-25,Chicago Cubs,CHC,30,6.1,8,939,3278,539,875,65,291,114,475,.267,.363,.418,.781,,,,,,,,,,,,
76,Yovani Gallardo\gallayo01,2016-02-25,Baltimore Orioles,TEX,30,6.5,9,213,420,36,83,12,42,0,12,.198,.223,.333,.556,102,75,3.66,1.317,247,244,0,1473.2,1399,151,542,1347
77,Nathan Adcock\adcocna01,2016-02-23,Baltimore Orioles,CIN,28,-0.2,4,16,1,0,0,0,0,0,0,.000,.000,.000,.000,2,6,4.17,1.480,56,5,1,123.0,126,14,56,80
78,Chris Parmelee\parmech01,2016-02-23,New York Yankees,BAL,28,-0.5,5,305,909,85,223,28,94,1,79,.245,.311,.396,.707,,,,,,,,,,,,
79,Ike Davis\davisik02,2016-02-22,Texas Rangers,OAK,29,-0.2,6,657,2062,258,493,81,290,7,293,.239,.332,.416,.748,0,0,0.00,1.000,2,0,0,2.0,1,0,1,1
80,Jeff Francoeur\francje02,2016-02-22,Atlanta Braves,PHI,32,-2.7,11,1355,4953,593,1295,153,664,52,264,.261,.304,.418,.722,0,0,9.00,2.000,1,0,0,2.0,1,1,3,1
81,J.C. Gutierrez\gutieju01,2016-02-22,Washington Nationals,WSN,32,-0.2,8,,,,,,,,,,,,,,,,,,,,,,,,
82,Jimmy Rollins\rolliji01,2016-02-22,Chicago White Sox,LAD,37,4.2,16,2234,9145,1396,2422,229,928,465,797,.265,.325,.420,.745,,,,,,,,,,,,
83,Michael McKenry\mckenmi01,2016-02-21,Texas Rangers,COL,31,1.0,6,308,838,94,200,29,103,2,93,.239,.319,.407,.725,,,,,,,,,,,,
84,Michael Roth\rothmi01,2016-02-21,Texas Rangers,CLE,26,-1.0,2,1,0,0,0,0,0,0,0,,,,,2,1,7.79,1.701,22,1,0,32.1,40,2,15,26
85,Casey Janssen\janssca01,2016-02-20,San Diego Padres,WSN,34,1.4,9,68,3,0,0,0,0,0,0,.000,.000,.000,.000,31,29,3.63,1.214,437,22,90,533.0,518,52,129,395
86,Matthew Joyce\joycema01,2016-02-20,Pittsburgh Pirates,LAA,31,1.7,8,818,2429,326,589,93,334,29,329,.242,.335,.426,.761,,,,,,,,,,,,
87,Aaron Crow\crowaa01,2016-02-19,Chicago Cubs,MIA,29,-0.1,4,,,,,,,,,,,,,,,,,,,,,,,,
88,Sam Deduno\dedunsa01,2016-02-19,Baltimore Orioles,HOU,32,1.8,6,12,6,0,1,0,0,0,0,.167,.167,.333,.500,16,20,4.38,1.451,83,44,1,314.1,303,30,153,231
89,Javy Guerra\guerrja01,2016-02-19,Los Angeles Angels of Anaheim,CHW,30,0.9,5,100,0,0,0,0,0,0,1,,1.000,,,6,9,2.87,1.377,146,0,30,150.1,139,7,68,125
90,Mike Minor\minormi01,2016-02-19,Kansas City Royals,ATL,28,3.4,5,103,198,13,24,2,10,0,9,.121,.159,.177,.336,38,36,4.10,1.266,111,110,0,652.2,639,82,187,566
91,Ryan Webb\webbry01,2016-02-18,Tampa Bay Rays,CLE,30,2.0,7,260,5,1,1,0,0,0,0,.200,.200,.200,.400,17,18,3.35,1.324,357,0,0,376.0,377,19,121,260
92,Bryan Anderson\anderbr05,2016-02-17,Oakland Athletics,OAK,29,-0.4,5,40,68,4,15,0,7,1,4,.221,.276,.279,.556,,,,,,,,,,,,
93,Matt Belisle\belisma01,2016-02-17,Washington Nationals,STL,36,1.4,12,539,85,2,7,0,3,1,3,.082,.124,.118,.241,49,55,4.34,1.373,558,44,5,788.0,884,82,198,600
94,Jason Berken\berkeja01,2016-02-17,Toronto Blue Jays,PHI,32,,6,,,,,,,,,,,,,,,,,,,,,,,,
95,Carlos Marmol\marmoca01,2016-02-16,Boston Red Sox,CLE,33,-1.1,9,,,,,,,,,,,,,,,,,,,,,,,,
96,Craig Breslow\breslcr01,2016-02-15,Miami Marlins,BOS,35,0.8,10,82,4,0,0,0,0,0,0,.000,.000,.000,.000,22,27,3.31,1.308,524,2,8,521.1,474,51,208,412
97,Blaine Boyer\boyerbl01,2016-02-12,Milwaukee Brewers,MIN,34,1.4,9,259,8,0,0,0,0,0,0,.000,.000,.000,.000,12,21,4.22,1.367,333,0,3,339.1,343,24,121,224
98,Tommy Hunter\hunteto02,2016-02-12,Cleveland Indians,CHC,29,2.8,8,29,3,0,0,0,0,0,0,.000,.000,.000,.000,46,33,4.31,1.272,284,75,16,676.2,710,104,151,423
99,Colt Hynes\hynesco01,2016-02-12,Toronto Blue Jays,TOR,31,-0.7,2,22,0,0,0,0,0,0,0,,,,,0,0,8.55,2.200,27,0,0,20.0,33,3,11,17
100,Cory Luebke\luebkco01,2016-02-11,Pittsburgh Pirates,SDP,31,,3,53,49,3,7,0,0,0,2,.143,.176,.143,.319,10,12,3.25,1.104,55,25,0,188.1,150,16,58,195
101,Josh Zeid\zeidjo01,2016-02-10,Los Angeles Angels of Anaheim,DET,29,-0.5,2,,,,,,,,,,,,,,,,,,,,,,,,
102,Travis Ishikawa\ishiktr01,2016-02-09,Chicago White Sox,PIT,32,-0.8,8,488,944,114,241,23,137,3,85,.255,.321,.391,.712,,,,,,,,,,,,
103,Mat Latos\latosma01,2016-02-09,Chicago White Sox,LAD,28,4.2,7,167,319,14,42,3,14,0,6,.132,.152,.179,.331,64,55,3.51,1.183,177,174,0,1068.1,949,100,315,959
104,Joel Peralta\peraljo01,2016-02-09,Seattle Mariners,LAD,40,0.2,11,131,5,1,1,0,2,0,0,.200,.200,.400,.600,19,34,3.94,1.149,589,0,15,620.2,536,86,177,579
105,Roger Bernadina\bernaro01,2016-02-08,New York Mets,COL,32,-0.9,7,,,,,,,,,,,,,,,,,,,,,,,,
106,Tyler Clippard\clippty01,2016-02-08,Arizona Diamondbacks,NYM,31,4.4,9,425,15,0,3,0,0,0,0,.200,.200,.267,.467,42,29,2.88,1.089,489,8,53,562.0,382,65,230,612
107,Nick Noonan\noonani01,2016-02-08,San Diego Padres,SFG,27,-0.7,2,76,127,14,25,1,8,0,8,.197,.244,.244,.489,,,,,,,,,,,,
108,Skip Schumaker\schumsk01,2016-02-08,San Diego Padres,CIN,36,-3.5,11,1149,3252,416,905,28,284,26,280,.278,.337,.364,.701,,,,,,,,,,,,
109,Neftali Soto\sotone01,2016-02-08,Washington Nationals,CHW,27,-0.7,2,,,,,,,,,,,,,,,,,,,,,,,,
110,Craig Stammen\stammcr01,2016-02-08,Cleveland Indians,WSN,32,1.5,7,217,89,4,18,0,10,0,4,.202,.234,.281,.515,26,24,3.91,1.310,229,38,1,490.2,494,43,149,370
111,Doug Bernier\bernido01,2016-02-06,Texas Rangers,MIN,36,0.7,4,46,69,12,15,0,7,2,10,.217,.333,.275,.609,,,,,,,,,,,,
112,Gavin Floyd\floydga01,2016-02-06,Toronto Blue Jays,CLE,33,1.0,12,41,74,0,5,0,0,0,2,.068,.092,.068,.160,72,72,4.38,1.331,215,196,0,1219.0,1216,156,407,955
113,David Aardsma\aardsda01,2016-02-05,Toronto Blue Jays,ATL,34,-0.3,9,139,4,0,0,0,0,0,0,.000,.000,.000,.000,16,18,4.27,1.421,331,0,69,337.0,296,41,183,340
114,Clayton Mortensen\mortecl01,2016-02-05,Kansas City Royals,KCR,31,-0.3,6,,,,,,,,,,,,,,,,,,,,,,,,
115,Howie Kendrick\kendrho01,2016-02-04,Los Angeles Dodgers,LAD,32,10.0,10,1198,4581,598,1341,87,555,101,238,.293,.333,.423,.755,,,,,,,,,,,,
116,Fernando Rodney\rodnefe01,2016-02-04,San Diego Padres,CHC,39,0.8,13,64,1,0,0,0,0,0,0,.000,.000,.000,.000,37,55,3.71,1.361,700,0,236,700.1,612,53,341,685
117,Conor Gillaspie\gillaco01,2016-02-03,San Francisco Giants,LAA,28,1.1,6,368,1153,115,294,25,125,0,90,.255,.309,.390,.699,,,,,,,,,,,,
118,Chin-hui Tsao\tsaoch01,2016-02-03,Los Angeles Dodgers,LAD,35,-0.4,5,54,14,3,3,0,0,0,0,.214,.214,.357,.571,5,5,5.76,1.479,55,8,4,95.1,104,22,37,67
119,Brandon Hicks\hicksbr01,2016-02-01,Los Angeles Dodgers,SFG,30,0.6,5,,,,,,,,,,,,,,,,,,,,,,,,
120,Seth Rosin\rosinse01,2016-01-31,San Diego Padres,PHI,27,-0.2,2,1,0,0,0,0,0,0,0,,,,,1,0,12.00,2.500,4,0,0,6.0,13,1,2,3
121,Maicer Izturis\izturma01,2016-01-29,Toronto Blue Jays,TOR,35,-0.8,11,,,,,,,,,,,,,,,,,,,,,,,,
122,Ian Kennedy\kenneia01,2016-01-29,Kansas City Royals,SDP,31,0.2,9,182,313,21,40,1,18,0,32,.128,.210,.179,.389,75,68,3.98,1.276,206,204,0,1234.2,1163,153,412,1140
123,Maikel Cleto\cletoma01,2016-01-28,Chicago White Sox,CHW,27,-0.6,4,,,,,,,,,,,,,,,,,,,,,,,,
124,Doug Fister\fistedo01,2016-01-28,Houston Astros,WSN,32,8.4,7,61,98,6,15,0,2,0,3,.153,.178,.184,.362,65,63,3.42,1.210,180,167,1,1085.2,1101,96,213,732
125,Steve Pearce\pearcst01,2016-01-28,Tampa Bay Rays,BAL,33,6.3,9,484,1375,173,340,53,180,13,143,.247,.325,.431,.756,,,,,,,,,,,,
126,Jonathan Pettibone\pettijo02,2016-01-28,Chicago Cubs,PHI,25,1.0,2,,,,,,,,,,,,,,,,,,,,,,,,
127,Nick Tepesch\tepesni01,2016-01-27,Texas Rangers,TEX,27,0.8,2,4,5,0,1,0,0,0,0,.200,.200,.200,.400,9,17,4.56,1.365,42,39,0,219.0,228,27,71,132
128,Bronson Arroyo\arroybr01,2016-01-26,Washington Nationals,LAD,39,2.5,15,338,603,35,77,6,29,1,14,.128,.148,.184,.332,145,131,4.19,1.292,405,369,1,2364.2,2413,324,642,1526
129,Edwar Cabrera\cabreed01,2016-01-26,Houston Astros,TEX,28,,3,,,,,,,,,,,,,,,,,,,,,,,,
130,Yoenis Cespedes\cespeyo01,2016-01-26,New York Mets,NYM,30,11.7,4,575,2249,334,609,106,367,37,148,.271,.319,.486,.805,,,,,,,,,,,,
131,Jaff Decker\deckeja01,2016-01-26,Tampa Bay Rays,PIT,26,-0.4,3,41,59,11,10,1,3,0,10,.169,.286,.271,.557,0,0,0.00,2.000,1,0,0,1.0,2,0,0,0
132,Chris Dwyer\dwyerch01,2016-01-26,Baltimore Orioles,KCR,28,0.1,2,,,,,,,,,,,,,,,,,,,,,,,,
133,Blake Lalli\lallibl01,2016-01-26,Atlanta Braves,ARI,33,-0.5,2,22,39,2,5,0,4,0,1,.128,.150,.128,.278,,,,,,,,,,,,
134,Danny Worth\worthda01,2016-01-26,Houston Astros,ARI,30,-0.3,5,133,261,30,60,2,19,1,23,.230,.293,.295,.588,,,,,,,,,,,,
135,Chris Capuano\capuach01,2016-01-25,Milwaukee Brewers,NYY,37,-1.6,11,236,371,16,46,1,20,0,9,.124,.146,.159,.305,76,91,4.39,1.356,300,225,0,1405.2,1458,189,448,1172
136,Nick Greenwood\greenni02,2016-01-25,Chicago Cubs,STL,28,-0.2,2,19,5,0,0,0,0,0,0,.000,.000,.000,.000,2,2,5.25,1.194,20,1,0,36.0,38,6,5,17
137,Edgar Ibarra\ibarred01,2016-01-25,Philadelphia Phillies,LAA,27,0.1,1,0,0,0,0,0,0,0,0,,,,,0,0,2.25,1.750,2,0,0,4.0,4,0,3,3
138,Cesar Jimenez\jimence01,2016-01-25,Milwaukee Brewers,MIL,31,1.0,6,51,1,0,0,0,0,0,0,.000,.000,.000,.000,2,3,4.05,1.351,97,3,0,104.1,96,10,45,80
139,David Lough\loughda01,2016-01-25,Philadelphia Phillies,BAL,30,4.1,4,312,682,89,174,13,63,16,34,.255,.295,.377,.672,,,,,,,,,,,,
140,Vinny Rottino\rottivi01,2016-01-25,Chicago White Sox,MIA,36,,9,,,,,,,,,,,,,,,,,,,,,,,,
141,Antonio Bastardo\bastaan01,2016-01-22,New York Mets,PIT,30,2.5,7,319,8,0,0,0,0,0,1,.000,.111,.000,.111,24,19,3.58,1.198,341,5,12,316.1,228,28,151,388
142,Carlos Peguero\pegueca01,2016-01-22,St. Louis Cardinals,BOS,29,0.4,5,103,289,29,56,13,37,3,24,.194,.263,.384,.647,,,,,,,,,,,,
143,Alexei Ramirez\ramiral03,2016-01-22,San Diego Padres,CHW,34,7.0,8,1226,4656,563,1272,109,542,135,242,.273,.310,.399,.709,0,0,0.00,1.000,1,0,0,1.0,1,0,0,0
144,Jo-Jo Reyes\reyesjo03,2016-01-22,Miami Marlins,LAA,31,0.0,6,45,63,4,9,0,2,0,4,.143,.194,.175,.369,13,26,6.04,1.636,71,62,0,335.0,402,54,146,215
145,Matt Albers\alberma01,2016-01-21,Chicago White Sox,CHW,33,2.6,10,81,34,0,2,0,0,0,0,.059,.059,.059,.118,27,31,4.20,1.426,394,23,0,552.2,551,53,237,389
146,Chris Davis\davisch02,2016-01-21,Baltimore Orioles,BAL,30,13.5,8,883,3127,474,797,203,549,15,323,.255,.330,.506,.835,1,0,0.00,1.500,1,0,0,2.0,2,0,1,2
147,Zach Lutz\lutzza01,2016-01-21,Miami Marlins,NYM,30,0.3,3,,,,,,,,,,,,,,,,,,,,,,,,
148,Lester Oliveros\olivele01,2016-01-21,Kansas City Royals,MIN,28,-0.1,4,,,,,,,,,,,,,,,,,,,,,,,,
149,Argenis Diaz\diazar01,2016-01-20,Detroit Tigers,MIN,29,,5,,,,,,,,,,,,,,,,,,,,,,,,
150,Gerardo Parra\parrage01,2016-01-20,Colorado Rockies,BAL,29,6.6,7,988,3326,429,920,56,311,69,232,.277,.326,.404,.730,,,,,,,,,,,,
151,Justin Upton\uptonju01,2016-01-20,Detroit Tigers,SDP,28,10.0,9,1184,4329,694,1175,190,616,115,509,.271,.352,.473,.825,,,,,,,,,,,,
152,Al Alburquerque\albural01,2016-01-19,Los Angeles Angels of Anaheim,DET,30,2.2,5,15,0,0,0,0,0,0,0,,,,,17,6,3.20,1.333,241,0,1,225.0,175,16,125,276
153,Joe Blanton\blantjo01,2016-01-19,Los Angeles Dodgers,PIT,35,-0.7,11,143,216,13,23,0,6,0,8,.106,.153,.106,.259,92,91,4.44,1.348,301,252,2,1643.1,1788,206,428,1165
154,Wei-Yin Chen\chenwe02,2016-01-19,Miami Marlins,BAL,30,7.2,4,4,6,0,0,0,0,0,0,.000,.000,.000,.000,46,32,3.72,1.252,117,117,0,706.2,713,97,172,547
155,Jordan Danks\danksjo02,2016-01-19,Texas Rangers,PHI,29,0.0,4,184,348,41,78,8,26,15,38,.224,.300,.322,.622,,,,,,,,,,,,
156,Carlos Fisher\fisheca01,2016-01-19,Texas Rangers,ATL,33,,6,,,,,,,,,,,,,,,,,,,,,,,,
157,David Huff\huffda01,2016-01-19,Kansas City Royals,LAD,31,0.1,7,22,8,1,1,0,0,0,0,.125,.125,.125,.250,25,28,5.08,1.495,118,55,0,388.0,450,55,130,231
158,George Kottaras\kottage01,2016-01-19,San Francisco Giants,TOR,33,0.9,7,,,,,,,,,,,,,,,,,,,,,,,,
159,Justin Marks\marksju01,2016-01-19,Tampa Bay Rays,ARI,28,-0.1,1,0,0,0,0,0,0,0,0,,,,,0,0,13.50,3.500,1,0,0,2.0,4,0,3,2
160,Adam Wilk\wilkad01,2016-01-19,Tampa Bay Rays,LAA,28,0.0,3,1,1,0,0,0,0,0,0,.000,.000,.000,.000,0,3,6.49,1.671,9,3,0,26.1,37,8,7,19
161,Colby Lewis\lewisco01,2016-01-18,Texas Rangers,TEX,36,0.5,10,15,27,1,7,0,5,0,0,.259,.259,.296,.556,71,67,4.81,1.366,214,176,0,1098.2,1152,159,349,888
162,Dan Butler\butleda01,2016-01-16,Boston Red Sox,WSN,29,0.0,1,7,19,1,4,0,2,0,1,.211,.250,.368,.618,,,,,,,,,,,,
163,Jordan Pacheco\pachejo01,2016-01-16,Cincinnati Reds,ARI,30,-2.7,5,346,1025,97,285,10,114,8,53,.278,.317,.372,.689,,,,,,,,,,,,
164,Nevin Ashley\ashlene01,2016-01-15,New York Mets,MIL,31,-0.2,1,12,20,2,2,0,1,0,0,.100,.143,.150,.293,,,,,,,,,,,,
165,Tim Federowicz\federti01,2016-01-14,Chicago Cubs,SDP,28,-0.4,4,89,247,14,48,5,22,0,16,.194,.247,.300,.547,,,,,,,,,,,,
166,Kristopher Negron\negrokr01,2016-01-14,Chicago Cubs,CIN,30,1.5,3,96,241,26,53,6,19,7,22,.220,.296,.353,.649,,,,,,,,,,,,
167,Carlos Villanueva\villaca01,2016-01-14,San Diego Padres,STL,32,1.8,10,337,116,6,11,0,4,0,3,.095,.118,.095,.212,49,53,4.18,1.284,425,76,10,924.2,878,122,309,801
168,Jemile Weeks\weeksje01,2016-01-14,San Diego Padres,BOS,29,0.0,5,243,905,116,236,4,60,40,75,.261,.322,.360,.682,,,,,,,,,,,,
169,Corey Brown\brownco01,2016-01-13,Los Angeles Dodgers,TBR,30,0.3,4,,,,,,,,,,,,,,,,,,,,,,,,
170,Pedro Ciriaco\ciriape01,2016-01-13,Texas Rangers,ATL,30,-0.7,6,272,612,70,164,5,51,35,20,.268,.294,.368,.661,,,,,,,,,,,,
171,Darren Ford\fordda03,2016-01-13,San Francisco Giants,SFG,30,,5,,,,,,,,,,,,,,,,,,,,,,,,
172,Edwin Jackson\jacksed01,2016-01-13,Miami Marlins,ATL,32,-3.2,13,199,248,19,42,2,11,0,11,.169,.204,.206,.409,88,107,4.58,1.448,340,262,1,1640.1,1736,180,640,1267
173,Mitch Maier\maiermi01,2016-01-13,Kansas City Royals,KCR,34,,9,,,,,,,,,,,,,,,,,,,,,,,,
174,Brennan Boesch\boescbr01,2016-01-12,Boston Red Sox,CIN,31,-1.7,6,481,1577,192,394,48,195,22,109,.250,.303,.400,.703,,,,,,,,,,,,
175,Cedric Hunter\huntece01,2016-01-12,Philadelphia Phillies,ATL,28,,1,6,4,1,1,0,0,0,1,.250,.400,.250,.650,,,,,,,,,,,,
176,Chris Johnson\johnsch05,2016-01-12,Miami Marlins,CLE,31,0.3,7,726,2568,236,719,58,315,18,125,.280,.316,.411,.727,,,,,,,,,,,,
177,Alex Liddi\liddial01,2016-01-12,Baltimore Orioles,KCR,27,-0.4,4,,,,,,,,,,,,,,,,,,,,,,,,
178,Anthony Vasquez\vasquan01,2016-01-12,Philadelphia Phillies,PHI,29,,4,,,,,,,,,,,,,,,,,,,,,,,,
179,Daniel Bard\bardda01,2016-01-11,Pittsburgh Pirates,CHC,31,0.0,6,,,,,,,,,,,,,,,,,,,,,,,,
180,Vin Mazzaro\mazzavi01,2016-01-11,San Francisco Giants,ATL,29,1.1,7,73,17,0,3,0,1,0,0,.176,.176,.176,.353,23,23,4.66,1.537,138,45,1,382.0,432,43,155,233
181,Andy Oliver\olivean01,2016-01-11,Baltimore Orioles,BAL,28,,5,,,,,,,,,,,,,,,,,,,,,,,,
182,Ryan Mattheus\matthry01,2016-01-09,Cincinnati Reds,CIN,32,-0.7,5,191,1,0,0,0,0,0,0,.000,.000,.000,.000,9,11,3.72,1.412,203,0,0,198.1,209,13,71,116
183,Chris Narveson\narvech01,2016-01-09,Miami Marlins,MIA,34,-0.1,7,107,116,6,25,0,13,0,5,.216,.254,.241,.495,29,19,4.64,1.351,112,65,0,427.0,418,55,159,358
184,Pedro Villarreal\villape01,2016-01-09,Cincinnati Reds,CIN,28,-0.2,4,40,9,0,2,0,2,0,0,.222,.222,.333,.556,1,6,4.29,1.444,44,1,0,71.1,81,11,22,46
185,Rob Wooten\wootero01,2016-01-09,Atlanta Braves,MIL,30,-0.3,3,67,2,0,0,0,0,0,0,.000,.000,.000,.000,4,5,5.03,1.412,71,0,0,68.0,74,3,22,53
186,Kelly Johnson\johnske05,2016-01-08,Atlanta Braves,NYM,34,2.1,10,1268,4239,607,1065,145,516,83,491,.251,.331,.424,.755,,,,,,,,,,,,
187,Jhoulys Chacin\chacijh01,2016-01-07,Atlanta Braves,ARI,28,6.6,7,126,211,11,38,1,15,0,7,.180,.208,.218,.426,40,49,3.76,1.335,129,113,0,698.2,643,64,290,535
188,Ryan Cook\cookry01,2016-01-07,Seattle Mariners,CHC,29,1.0,5,28,0,0,0,0,0,0,0,,,,,13,12,3.43,1.237,217,0,17,207.0,167,13,89,210
189,Alexi Ogando\ogandal01,2016-01-07,Atlanta Braves,BOS,32,2.4,6,11,6,1,3,0,0,0,0,.500,.500,.500,1.000,31,17,3.44,1.205,247,48,4,471.1,408,51,160,378
190,Denard Span\spande01,2016-01-07,San Francisco Giants,WSN,32,7.0,8,950,3820,567,1097,37,336,152,371,.287,.352,.395,.747,,,,,,,,,,,,
191,Chien-Ming Wang\wangch01,2016-01-07,Kansas City Royals,SEA,36,-0.7,8,26,39,2,2,0,1,0,2,.051,.098,.077,.174,62,34,4.37,1.378,136,126,1,792.1,858,59,234,364
192,Brandon Beachy\beachbr01,2016-01-06,Los Angeles Dodgers,LAD,29,-0.6,5,48,85,5,10,0,5,0,5,.118,.167,.129,.296,14,12,3.36,1.157,48,48,0,275.2,227,28,92,280
193,Chris Carter\cartech02,2016-01-06,Milwaukee Brewers,HOU,29,2.6,6,528,1736,230,377,109,280,9,231,.217,.312,.452,.764,,,,,,,,,,,,
194,Stephen Drew\drewst01,2016-01-06,Washington Nationals,NYY,33,3.0,10,1152,4165,532,1047,114,486,41,411,.251,.318,.421,.739,,,,,,,,,,,,
195,Neftali Feliz\felizne01,2016-01-06,Pittsburgh Pirates,DET,28,0.5,7,18,2,0,0,0,0,0,0,.000,.000,.000,.000,15,12,3.17,1.098,246,7,97,289.2,208,26,110,265
196,Alex Gordon\gordoal01,2016-01-06,Kansas City Royals,KCR,32,13.6,9,1136,4245,605,1140,134,523,81,468,.269,.348,.435,.783,,,,,,,,,,,,
197,Daniel Murphy\murphda08,2016-01-06,Washington Nationals,NYM,31,5.2,7,903,3354,422,967,62,402,57,218,.288,.331,.424,.755,,,,,,,,,,,,
198,Casey Sadler\sadleca02,2016-01-06,Pittsburgh Pirates,PIT,25,-0.2,2,7,1,0,0,0,0,0,0,.000,.000,.000,.000,1,1,6.46,1.435,7,1,0,15.1,16,1,6,12
199,Mike Napoli\napolmi01,2016-01-05,Cleveland Indians,TEX,34,8.2,10,1118,3590,545,910,204,577,33,523,.253,.355,.482,.837,,,,,,,,,,,,
200,Cesar Ramos\ramosce01,2016-01-05,Texas Rangers,LAA,32,1.6,7,42,6,0,0,0,0,0,0,.000,.000,.000,.000,7,12,3.70,1.355,251,10,1,299.0,286,23,119,241
201,Eric Young Jr.\younger03,2016-01-05,Milwaukee Brewers,NYM,31,-0.2,7,557,1505,237,371,8,88,144,136,.247,.314,.328,.642,,,,,,,,,,,,
202,Juan Diaz\diazju02,2016-01-02,Pittsburgh Pirates,MIA,27,,3,,,,,,,,,,,,,,,,,,,,,,,,
203,Ed Easley\easleed01,2016-01-01,Pittsburgh Pirates,STL,30,-0.1,1,4,6,0,0,0,1,0,0,.000,.000,.000,.000,,,,,,,,,,,,
204,Eury Perez\perezeu01,2016-01-01,Houston Astros,ATL,26,-0.1,4,73,142,16,36,0,5,8,7,.254,.307,.282,.589,,,,,,,,,,,,
205,Jonathan Diaz\diazjo02,2015-12-31,New York Yankees,TOR,31,-0.3,3,35,55,6,8,0,6,1,4,.145,.242,.164,.406,,,,,,,,,,,,
206,Scott Kazmir\kazmisc01,2015-12-30,Los Angeles Dodgers,HOU,32,6.0,11,14,26,1,3,0,2,0,0,.115,.115,.115,.231,98,90,3.96,1.347,272,271,0,1553.1,1463,169,629,1474
207,Paul Janish\janispa01,2015-12-29,Baltimore Orioles,BAL,33,-0.2,7,445,1115,120,241,7,84,7,93,.216,.284,.291,.574,,,,,,,,,,,,
208,Jhonatan Solano\solanjh01,2015-12-29,Washington Nationals,MIA,30,-1.0,3,43,103,9,19,2,10,1,5,.184,.222,.301,.523,,,,,,,,,,,,
209,Henderson Alvarez III\alvarhe01,2015-12-28,Oakland Athletics,MIA,26,6.4,5,51,94,5,22,1,9,0,1,.234,.237,.309,.546,27,34,3.80,1.288,92,92,0,563.0,596,54,129,296
210,Carlos Triunfel\triunca01,2015-12-27,Cincinnati Reds,SFG,26,-1.1,3,,,,,,,,,,,,,,,,,,,,,,,,
211,Matt McBride\mcbrima02,2015-12-24,Oakland Athletics,COL,31,-0.2,3,72,151,19,30,4,17,0,3,.199,.228,.305,.532,,,,,,,,,,,,
212,Donovan Solano\solando01,2015-12-24,New York Yankees,MIA,28,0.1,4,361,1046,94,269,8,97,11,64,.257,.307,.328,.634,,,,,,,,,,,,
213,Alejandro De Aza\deazaal01,2015-12-23,New York Mets,SFG,32,2.3,8,680,2279,328,609,45,224,86,196,.267,.331,.405,.736,,,,,,,,,,,,
214,Alberto Gonzalez\gonzaal03,2015-12-23,Detroit Tigers,DET,33,-0.1,8,,,,,,,,,,,,,,,,,,,,,,,,
215,John Jaso\jasojo01,2015-12-23,Pittsburgh Pirates,TBR,32,4.1,7,550,1588,222,417,37,204,15,234,.263,.361,.406,.767,,,,,,,,,,,,
216,Logan Kensing\kensilo01,2015-12-23,Detroit Tigers,SEA,33,-0.2,8,129,8,0,0,0,0,0,0,.000,.000,.000,.000,10,10,5.80,1.599,154,3,2,177.0,187,30,96,157
217,Ross Detwiler\detwiro01,2015-12-22,Cleveland Indians,ATL,30,-2.0,8,148,115,3,7,0,3,0,3,.061,.085,.061,.146,21,37,4.20,1.445,173,76,1,529.1,575,50,190,326
218,Mike Leake\leakemi01,2015-12-22,St. Louis Cardinals,SFG,28,8.0,6,198,364,41,77,6,23,0,9,.212,.235,.310,.545,64,52,3.88,1.271,177,172,0,1083.2,1102,134,275,730
219,Gregorio Petit\petitgr01,2015-12-22,Los Angeles Angels of Anaheim,NYY,31,0.3,4,82,193,27,49,2,15,0,6,.254,.282,.358,.640,,,,,,,,,,,,
220,Tom Gorzelanny\gorzeto01,2015-12-21,Cleveland Indians,DET,33,0.1,11,254,217,6,20,0,13,0,9,.092,.132,.092,.224,49,53,4.34,1.440,307,121,2,880.2,886,97,382,710
221,A.J. Griffin\griffaj01,2015-12-21,Texas Rangers,OAK,28,2.8,2,2,4,0,0,0,0,0,1,.000,.200,.000,.200,21,11,3.60,1.126,47,47,0,282.1,245,46,73,235
222,Jose Dominguez\dominjo01,2015-12-19,San Diego Padres,TBR,25,0.0,3,14,2,0,0,0,0,0,0,.000,.000,.000,.000,1,0,4.43,1.377,18,0,0,20.1,20,2,8,17
223,Aaron Laffey\laffeaa01,2015-12-19,Washington Nationals,COL,31,-0.2,8,12,9,0,2,0,0,0,0,.222,.222,.222,.444,26,29,4.44,1.519,156,68,1,494.1,552,48,199,245
224,Vinnie Pestano\pestavi01,2015-12-19,New York Yankees,LAA,31,-0.1,6,10,0,0,0,0,0,0,0,,,,,6,8,2.98,1.258,223,0,11,202.2,168,24,87,244
225,Mike Aviles\avilemi01,2015-12-18,Detroit Tigers,CLE,35,-0.8,8,810,2756,358,731,58,292,76,126,.265,.297,.385,.682,,,,,,,,,,,,
226,Scott Barnes\barnesc01,2015-12-18,Chicago Cubs,TOR,28,-0.1,3,,,,,,,,,,,,,,,,,,,,,,,,
227,Bartolo Colon\colonba01,2015-12-18,New York Mets,NYM,43,6.6,18,103,216,6,20,0,9,0,0,.093,.100,.102,.202,218,154,3.97,1.303,475,467,0,2980.2,3029,355,856,2237
228,Scott Copeland\copelsc01,2015-12-18,Toronto Blue Jays,TOR,28,-0.2,1,1,1,0,0,0,0,0,0,.000,.000,.000,.000,1,1,6.46,1.696,5,3,0,15.1,24,1,2,6
229,Yohan Flande\flandyo01,2015-12-18,Colorado Rockies,COL,30,0.9,2,34,33,1,4,0,2,0,1,.121,.147,.121,.268,3,9,4.95,1.327,35,20,0,127.1,128,19,41,77
230,Jarrett Grube\grubeja01,2015-12-18,Cleveland Indians,CLE,34,0.0,1,,,,,,,,,,,,,,,,,,,,,,,,
231,Jeff Mathis\mathije01,2015-12-18,Miami Marlins,MIA,33,-0.8,11,665,1912,192,371,43,219,9,147,.194,.254,.306,.560,0,0,9.00,2.500,2,0,0,2.0,4,0,1,0
232,Pat McCoy\mccoypa01,2015-12-18,Toronto Blue Jays,BAL,27,0.2,1,,,,,,,,,,,,,,,,,,,,,,,,
233,Brad Penny\pennybr01,2015-12-18,Toronto Blue Jays,CHW,38,-0.4,15,,,,,,,,,,,,,,,,,,,,,,,,
234,Ryan Vogelsong\vogelry01,2015-12-18,Pittsburgh Pirates,SFG,38,-1.4,11,250,292,23,42,1,11,0,15,.144,.196,.185,.380,58,68,4.45,1.404,265,165,0,1107.2,1124,118,431,839
235,Josh Wall\walljo02,2015-12-18,Chicago White Sox,PIT,29,-1.0,3,,,,,,,,,,,,,,,,,,,,,,,,
236,Fernando Abad\abadfe01,2015-12-17,Minnesota Twins,OAK,30,2.4,6,131,8,0,1,0,0,0,0,.125,.125,.125,.250,5,20,3.72,1.306,258,6,0,227.1,220,32,77,193
237,Andrew Bailey\bailean01,2015-12-17,Philadelphia Phillies,NYY,32,0.2,6,12,0,0,0,0,0,0,0,,,,,11,13,2.74,1.076,216,0,89,226.2,170,22,74,233
238,Casey Coleman\colemca01,2015-12-17,Seattle Mariners,KCR,28,-0.2,5,,,,,,,,,,,,,,,,,,,,,,,,
239,Daniel Corcino\corcida01,2015-12-17,Los Angeles Dodgers,LAD,25,0.1,1,5,3,0,1,0,0,0,0,.333,.333,.333,.667,0,2,4.34,1.232,5,3,0,18.2,13,2,10,15
240,Rajai Davis\davisra01,2015-12-17,Cleveland Indians,DET,35,4.6,10,1067,3233,470,870,43,305,322,195,.269,.316,.387,.703,,,,,,,,,,,,
241,Tim Dillard\dillati01,2015-12-17,Milwaukee Brewers,MIL,32,,7,,,,,,,,,,,,,,,,,,,,,,,,
242,Nick Hagadone\hagadni01,2015-12-17,Milwaukee Brewers,CLE,30,0.2,5,7,0,0,0,0,0,0,0,,,,,3,2,4.72,1.369,143,0,1,118.1,102,14,60,122
243,Alex Hassan\hassaal01,2015-12-17,Los Angeles Dodgers,TOR,28,-0.1,1,,,,,,,,,,,,,,,,,,,,,,,,
244,Elian Herrera\herreel01,2015-12-17,Los Angeles Dodgers,MIL,31,0.0,4,223,586,69,148,8,55,11,44,.253,.306,.360,.666,,,,,,,,,,,,
245,Hisashi Iwakuma\iwakuhi01,2015-12-17,Seattle Mariners,SEA,35,12.1,4,7,9,0,0,0,0,0,1,.000,.100,.000,.100,47,25,3.17,1.082,111,97,2,653.2,580,80,127,551
246,Ed Lucas\lucased01,2015-12-17,Seattle Mariners,TEX,34,1.5,2,,,,,,,,,,,,,,,,,,,,,,,,
247,David Martinez\martida02,2015-12-17,Minnesota Twins,TEX,28,-0.4,2,,,,,,,,,,,,,,,,,,,,,,,,
248,Brad Mills\millsbr02,2015-12-17,Seattle Mariners,OAK,31,-0.5,6,2,4,0,0,0,0,0,0,.000,.000,.000,.000,4,4,7.97,1.759,21,14,0,79.0,96,16,43,71
249,Rico Noel\noelri02,2015-12-17,Los Angeles Dodgers,NYY,27,0.0,1,15,2,5,1,0,0,5,0,.500,.500,.500,1.000,,,,,,,,,,,,
250,Blake Parker\parkebl01,2015-12-17,Seattle Mariners,CHC,31,0.6,3,69,0,0,0,0,0,0,0,,,,,2,3,3.68,1.323,74,0,1,73.1,73,10,24,85
251,Sean Rodriguez\rodrise01,2015-12-17,Pittsburgh Pirates,PIT,31,0.4,8,763,1865,232,425,49,203,37,135,.228,.295,.371,.666,,,,,,,,,,,,
252,Justin Ruggiano\ruggiju01,2015-12-17,Texas Rangers,LAD,34,-0.1,7,455,1256,158,322,49,152,39,111,.256,.321,.436,.756,,,,,,,,,,,,
253,Johnny Cueto\cuetojo01,2015-12-16,San Francisco Giants,KCR,30,11.9,8,199,384,22,41,0,10,0,11,.107,.134,.109,.243,96,70,3.30,1.181,226,226,0,1420.1,1268,145,410,1171
254,Tyler Flowers\flowety01,2015-12-16,Atlanta Braves,CHW,30,3.1,7,431,1267,124,283,46,142,2,93,.223,.289,.376,.665,,,,,,,,,,,,
255,Daniel Nava\navada01,2015-12-16,Los Angeles Angels of Anaheim,TBR,33,6.1,5,455,1388,192,368,24,172,9,160,.265,.358,.383,.740,,,,,,,,,,,,
256,Mark Reynolds\reynoma01,2015-12-16,Colorado Rockies,STL,32,-0.2,9,1258,4178,612,959,237,661,59,550,.230,.324,.452,.775,,,,,,,,,,,,
257,Xavier Avery\averyxa01,2015-12-15,Baltimore Orioles,MIN,26,,3,,,,,,,,,,,,,,,,,,,,,,,,
258,Mike Baxter\baxtemi01,2015-12-15,Seattle Mariners,CHC,31,-0.4,6,232,417,52,95,4,28,10,55,.228,.333,.331,.664,,,,,,,,,,,,
259,Jerry Blevins\blevije01,2015-12-15,New York Mets,NYM,32,0.9,9,85,1,0,0,0,0,0,0,.000,.000,.000,.000,16,9,3.53,1.199,352,0,2,329.1,277,31,118,309
260,Chris Dominguez\dominch01,2015-12-15,Boston Red Sox,CIN,29,-0.3,2,22,40,3,7,2,5,0,1,.175,.195,.400,.595,,,,,,,,,,,,
261,Jake Elmore\elmorja01,2015-12-15,Milwaukee Brewers,TBR,29,-1.5,4,138,340,27,73,4,29,2,31,.215,.277,.288,.566,0,0,4.50,1.500,2,0,0,2.0,3,1,0,0
262,Dana Eveland\evelada01,2015-12-15,Tampa Bay Rays,BAL,32,0.4,10,91,22,0,1,0,0,0,2,.045,.125,.045,.170,20,27,5.27,1.635,154,61,2,423.1,490,31,202,287
263,Jason Gurka\gurkaja01,2015-12-15,Colorado Rockies,COL,28,-0.2,1,10,0,0,0,0,0,0,0,,,,,0,0,9.39,2.348,9,0,0,7.2,16,1,2,7
264,Jason Heyward\heywaja01,2015-12-15,Chicago Cubs,STL,26,15.9,6,835,3005,446,804,97,352,86,371,.268,.353,.431,.784,,,,,,,,,,,,
265,Ryan LaMarre\lamarry01,2015-12-15,Boston Red Sox,CIN,27,-0.5,1,21,25,2,2,0,0,0,0,.080,.080,.080,.160,,,,,,,,,,,,
266,John Lannan\lannajo01,2015-12-15,Kansas City Royals,COL,31,-0.7,8,,,,,,,,,,,,,,,,,,,,,,,,
267,Jack Leathersich\leathja01,2015-12-15,Chicago Cubs,CHC,25,0.3,1,16,0,0,0,0,0,0,0,,,,,0,1,2.31,1.629,17,0,0,11.2,12,0,7,14
268,Alfredo Marte\marteal01,2015-12-15,Baltimore Orioles,LAA,27,-0.9,3,71,155,12,28,2,13,1,11,.181,.249,.284,.532,,,,,,,,,,,,
269,Will Middlebrooks\middlwi01,2015-12-15,Milwaukee Brewers,SDP,27,-2.8,4,315,1085,112,251,43,151,10,59,.231,.274,.399,.673,,,,,,,,,,,,
270,Juan Perez\perezju02,2015-12-15,Chicago Cubs,SFG,29,0.4,3,117,228,26,51,2,13,3,12,.224,.267,.316,.583,,,,,,,,,,,,
271,Alex Presley\preslal01,2015-12-15,Milwaukee Brewers,HOU,30,-0.1,6,329,1035,115,268,23,80,25,55,.259,.299,.393,.692,,,,,,,,,,,,
272,Antoan Richardson\richaan01,2015-12-15,Pittsburgh Pirates,TEX,32,0.2,4,,,,,,,,,,,,,,,,,,,,,,,,
273,Ali Solis\solisal01,2015-12-15,Boston Red Sox,LAD,28,-0.2,3,,,,,,,,,,,,,,,,,,,,,,,,
274,Anthony Varvaro\varvaan01,2015-12-15,Boston Red Sox,BOS,31,1.8,6,145,1,0,0,0,0,0,0,.000,.000,.000,.000,7,9,3.23,1.279,166,0,1,183.2,165,15,70,150
275,Trevor Cahill\cahiltr01,2015-12-14,Chicago Cubs,CHC,28,-1.6,7,119,157,5,16,0,9,0,3,.102,.119,.127,.246,65,72,4.13,1.361,212,173,1,1083.2,1048,107,427,754
276,Buddy Carlyle\carlybu01,2015-12-14,New York Mets,NYM,38,0.6,9,142,57,6,10,0,4,0,3,.175,.217,.175,.392,13,13,5.14,1.385,150,27,1,292.1,298,43,107,232
277,Steve Cishek\cishest01,2015-12-14,Seattle Mariners,STL,30,2.8,6,297,1,0,0,0,0,0,0,.000,.000,.000,.000,17,20,2.82,1.230,311,0,95,313.0,266,14,119,332
278,Ernesto Frieri\frierer01,2015-12-14,Philadelphia Phillies,TBR,30,-1.0,7,133,1,0,0,0,0,0,0,.000,.000,.000,.000,11,13,3.55,1.225,298,0,73,296.1,226,42,137,382
279,Dillon Gee\geedi01,2015-12-14,Kansas City Royals,NYM,30,2.1,6,107,193,8,21,0,11,0,9,.109,.152,.135,.287,40,37,4.03,1.310,114,110,0,679.1,674,79,216,489
280,Gregory Infante\infangr01,2015-12-14,Philadelphia Phillies,TOR,28,,1,0,0,0,0,0,0,0,0,,,,,0,0,0.00,1.286,5,0,0,4.2,2,0,4,5
281,Brandon Kintzler\kintzbr01,2015-12-14,Minnesota Twins,MIL,31,1.6,6,165,2,0,0,0,0,0,0,.000,.000,.000,.000,10,9,3.38,1.287,172,0,0,181.0,182,17,51,134
282,Jean Machi\machije01,2015-12-14,Chicago Cubs,BOS,34,2.1,4,162,5,0,0,0,0,0,0,.000,.000,.000,.000,12,2,3.47,1.141,189,0,6,184.0,157,17,53,148
283,Darin Mastroianni\mastrda01,2015-12-14,Minnesota Twins,WSN,30,-1.2,4,129,273,34,58,4,24,24,22,.212,.274,.289,.564,,,,,,,,,,,,
284,Melvin Mercedes\merceme01,2015-12-14,Detroit Tigers,DET,25,0.1,1,,,,,,,,,,,,,,,,,,,,,,,,
285,Brandon Morrow\morrobr01,2015-12-14,San Diego Padres,SDP,31,0.1,9,20,23,0,0,0,0,0,1,.000,.042,.000,.042,44,43,4.22,1.345,236,113,16,768.2,687,84,347,788
286,Darren O'Day\odayda01,2015-12-14,Baltimore Orioles,BAL,33,7.0,8,34,1,0,0,0,0,0,0,.000,.000,.000,.000,31,13,2.31,1.005,459,0,14,443.2,335,41,111,431
287,Yusmeiro Petit\petityu01,2015-12-14,Washington Nationals,SFG,31,1.6,8,154,112,6,5,0,3,0,3,.045,.070,.045,.114,20,27,4.59,1.269,161,57,1,475.0,476,77,127,416
288,Scott Rice\ricesc01,2015-12-14,Arizona Diamondbacks,NYM,34,-0.1,2,,,,,,,,,,,,,,,,,,,,,,,,
289,Chad Smith\smithch09,2015-12-14,Texas Rangers,TEX,26,-0.2,2,0,0,0,0,0,0,0,0,,,,,0,0,8.31,2.000,12,0,0,13.0,20,1,6,11
290,Wilfredo Tovar\tovarwi01,2015-12-14,Minnesota Twins,NYM,24,-0.1,2,9,18,1,3,0,2,1,1,.167,.250,.167,.417,,,,,,,,,,,,
291,Brandon Gomes\gomesbr01,2015-12-13,Chicago Cubs,TBR,31,-0.1,5,13,1,0,0,0,1,0,1,.000,.500,.000,.500,11,12,4.20,1.269,173,0,1,167.0,151,24,61,144
292,Joaquin Arias\ariasjo01,2015-12-11,Arizona Diamondbacks,SFG,31,0.3,8,474,1052,112,279,7,95,13,37,.265,.293,.350,.643,,,,,,,,,,,,
293,Dylan Axelrod\axelrdy01,2015-12-11,Miami Marlins,CIN,30,-0.7,5,11,8,1,1,0,0,0,0,.125,.125,.125,.250,9,15,5.27,1.548,59,34,0,228.2,269,43,85,164
294,John Axford\axforjo01,2015-12-11,Oakland Athletics,COL,33,0.8,7,339,1,0,0,0,0,0,0,.000,.000,.000,.000,28,28,3.52,1.380,403,0,141,384.0,339,35,191,454
295,Darwin Barney\barneda01,2015-12-11,Toronto Blue Jays,TOR,30,1.6,6,581,1921,228,472,21,157,20,115,.246,.294,.339,.633,,,,,,,,,,,,
296,Lisalverto Bonilla\bonilli01,2015-12-11,Los Angeles Dodgers,LAD,26,0.4,1,0,0,0,0,0,0,0,0,,,,,3,0,3.05,1.210,5,3,0,20.2,13,2,12,17
297,Jason Bourgeois\bourgja01,2015-12-11,Arizona Diamondbacks,CIN,34,-0.3,8,317,708,97,179,6,44,54,47,.253,.300,.326,.627,,,,,,,,,,,,
298,Drake Britton\brittdr01,2015-12-11,Detroit Tigers,CHC,27,0.5,2,,,,,,,,,,,,,,,,,,,,,,,,
299,Asdrubal Cabrera\cabreas01,2015-12-11,New York Mets,TBR,30,3.5,9,1106,4140,561,1107,102,509,78,348,.267,.329,.412,.740,,,,,,,,,,,,
300,Lendy Castillo\castile01,2015-12-11,Detroit Tigers,TOR,27,,3,,,,,,,,,,,,,,,,,,,,,,,,
301,Jose Cisnero\cisnejo01,2015-12-11,Arizona Diamondbacks,CIN,27,-0.2,2,3,1,0,0,0,0,0,0,.000,.000,.000,.000,2,2,4.66,1.717,33,0,0,48.1,57,5,26,46
302,Sean Kazmar Jr.\kazmase01,2015-12-11,Atlanta Braves,ATL,31,,7,,,,,,,,,,,,,,,,,,,,,,,,
303,Shawn Kelley\kellesh01,2015-12-11,Washington Nationals,SDP,32,0.5,7,60,0,0,0,0,0,0,0,,,,,19,19,3.67,1.234,289,0,4,284.1,254,36,97,323
304,Ryan Madson\madsory01,2015-12-11,Oakland Athletics,KCR,35,1.7,10,479,48,3,6,0,2,0,2,.125,.160,.146,.306,48,32,3.45,1.263,559,18,55,693.1,671,66,205,605
305,Troy Patton\pattotr01,2015-12-11,Miami Marlins,KCR,30,0.2,8,,,,,,,,,,,,,,,,,,,,,,,,
306,Oliver Perez\perezol01,2015-12-11,Washington Nationals,HOU,34,0.6,13,319,341,13,54,0,15,3,14,.158,.190,.161,.352,67,83,4.44,1.459,438,195,2,1294.0,1185,183,703,1351
307,Tony Sipp\sippto01,2015-12-11,Houston Astros,HOU,32,2.0,7,72,0,0,0,0,0,0,0,,,,,21,16,3.50,1.201,420,0,6,363.0,271,52,165,392
308,Tim Stauffer\staufti01,2015-12-11,Arizona Diamondbacks,NYM,34,0.1,10,183,140,7,21,0,12,0,4,.150,.178,.171,.350,33,34,3.97,1.331,201,73,0,595.2,591,64,202,449
309,Thad Weber\weberth01,2015-12-11,Detroit Tigers,DET,31,0.2,3,,,,,,,,,,,,,,,,,,,,,,,,
310,Jonathan Broxton\broxtjo01,2015-12-10,St. Louis Cardinals,STL,32,1.0,11,559,5,0,0,0,0,0,2,.000,.286,.000,.286,39,35,3.23,1.231,608,0,118,599.2,505,42,233,685
311,Deolis Guerra\guerrde01,2015-12-10,Los Angeles Angels of Anaheim,PIT,27,-0.4,1,8,1,0,0,0,0,0,0,.000,.000,.000,.000,2,0,6.48,1.740,10,0,0,16.2,26,5,3,17
312,James Jones\jonesja06,2015-12-10,Texas Rangers,TEX,27,-1.2,2,136,341,47,81,0,9,28,14,.238,.268,.296,.564,,,,,,,,,,,,
313,Juan Nicasio\nicasju01,2015-12-10,Pittsburgh Pirates,LAD,29,0.1,5,134,101,4,12,0,8,0,6,.119,.167,.139,.305,22,25,4.88,1.470,141,70,1,439.1,479,52,167,359
314,Joakim Soria\soriajo01,2015-12-10,Kansas City Royals,PIT,32,2.5,8,53,0,0,0,0,0,0,0,,,,,19,20,2.57,1.062,444,0,202,451.0,353,36,126,481
315,Craig Gentry\gentrcr01,2015-12-09,Los Angeles Angels of Anaheim,OAK,32,4.9,7,442,951,148,252,4,80,77,77,.265,.338,.339,.677,,,,,,,,,,,,
316,David Hernandez\hernada01,2015-12-09,Philadelphia Phillies,ARI,31,-0.9,6,237,4,0,1,0,0,0,0,.250,.250,.250,.500,25,35,4.15,1.315,309,27,19,414.1,370,60,175,414
317,Jeff Samardzija\samarje01,2015-12-09,San Francisco Giants,CHW,31,5.2,8,203,162,8,21,2,10,0,6,.130,.164,.198,.361,47,61,4.09,1.278,254,131,1,991.2,941,110,326,901
318,Chase Utley\utleych01,2015-12-09,Los Angeles Dodgers,LAD,37,7.8,13,1585,5872,963,1648,236,925,143,635,.281,.365,.479,.843,,,,,,,,,,,,
319,Ryan Buchter\buchtry01,2015-12-08,San Diego Padres,CHC,29,0.1,1,1,0,0,0,0,0,0,0,,,,,1,0,0.00,1.000,1,0,0,1.0,0,0,1,1
320,Orlando Calixte\calixor01,2015-12-08,Kansas City Royals,KCR,24,0.0,1,2,3,1,0,0,0,0,0,.000,.000,.000,.000,,,,,,,,,,,,
321,Rafael Dolis\dolisra01,2015-12-08,Detroit Tigers,DET,28,0.0,4,,,,,,,,,,,,,,,,,,,,,,,,
322,Rocky Gale\galero01,2015-12-08,San Diego Padres,SDP,28,-0.2,1,11,10,0,1,0,0,0,0,.100,.100,.100,.200,,,,,,,,,,,,
323,Zack Greinke\greinza01,2015-12-08,Arizona Diamondbacks,LAD,32,20.4,12,148,291,28,64,6,14,4,16,.220,.261,.337,.598,142,93,3.35,1.184,364,323,1,2094.2,1972,195,508,1887
324,Preston Guilmet\guilmpr01,2015-12-08,Detroit Tigers,MIL,28,-0.7,3,3,0,0,0,0,0,0,0,,,,,0,1,8.22,1.478,19,0,0,23.0,25,4,9,19
325,John Lackey\lackejo01,2015-12-08,Chicago Cubs,STL,37,9.5,13,62,120,3,13,0,5,0,4,.108,.137,.142,.279,165,127,3.92,1.314,388,387,0,2481.1,2551,260,709,1965
326,Mark Lowe\lowema01,2015-12-08,Detroit Tigers,TOR,33,0.8,10,20,1,0,0,0,0,0,0,.000,.000,.000,.000,9,24,3.80,1.400,328,0,6,336.1,329,35,142,303
327,Jason Motte\motteja01,2015-12-08,Colorado Rockies,CHC,34,0.1,7,356,4,0,0,0,0,0,0,.000,.000,.000,.000,26,14,3.16,1.125,368,0,60,333.1,278,37,97,324
328,Chad Qualls\quallch01,2015-12-08,Colorado Rockies,HOU,37,2.2,12,607,6,0,0,0,0,0,0,.000,.000,.000,.000,49,47,3.80,1.261,781,0,74,758.0,759,75,197,591
329,Ben Zobrist\zobribe01,2015-12-08,Chicago Cubs,KCR,35,12.1,10,1190,4317,641,1145,127,567,105,604,.265,.355,.431,.786,,,,,,,,,,,,
330,Ramiro Pena\penara02,2015-12-07,San Francisco Giants,SDP,30,1.5,6,311,557,63,136,8,53,12,34,.244,.288,.330,.618,,,,,,,,,,,,
331,Chris Young\youngch03,2015-12-07,Kansas City Royals,KCR,37,4.5,11,121,206,10,31,1,17,0,10,.150,.193,.204,.397,76,58,3.69,1.208,223,206,0,1179.0,979,151,445,946
332,Frank Garces\garcefr01,2015-12-06,San Diego Padres,SDP,26,0.0,2,52,0,0,0,0,0,0,0,,,,,0,1,4.60,1.532,55,1,0,47.0,49,10,23,40
333,Mike Pelfrey\pelfrmi01,2015-12-06,Detroit Tigers,MIN,32,0.7,10,147,268,13,28,0,13,0,13,.104,.151,.123,.275,61,81,4.52,1.482,217,213,1,1237.1,1400,99,434,703
334,Jarrod Saltalamacchia\saltaja01,2015-12-06,Detroit Tigers,ARI,31,3.7,9,788,2574,346,619,98,343,5,261,.240,.311,.419,.730,,,,,,,,,,,,
335,Jeff Beliveau\belivje01,2015-12-05,Baltimore Orioles,TBR,29,0.3,4,27,0,0,0,0,0,0,0,,,,,1,0,4.00,1.511,58,0,1,45.0,47,7,21,47
336,Sean O'Sullivan\osullse01,2015-12-05,Boston Red Sox,PHI,28,-0.7,6,24,33,3,4,0,0,0,1,.121,.147,.182,.329,11,23,5.95,1.578,66,52,0,302.1,368,56,109,145
337,Donn Roach\roachdo01,2015-12-05,Seattle Mariners,TOR,26,-0.3,2,17,5,0,2,0,1,0,0,.400,.400,.600,1.000,1,1,5.35,1.782,17,2,0,33.2,44,2,16,18
338,Gordon Beckham\beckhgo01,2015-12-04,Atlanta Braves,CHW,29,2.4,7,865,2874,361,696,69,304,29,222,.242,.304,.372,.676,,,,,,,,,,,,
339,Ramon Castro\castrra02,2015-12-04,Kansas City Royals,KCR,36,,11,,,,,,,,,,,,,,,,,,,,,,,,
340,Dioner Navarro\navardi01,2015-12-04,Chicago White Sox,TOR,32,5.2,12,908,2903,296,739,71,332,13,242,.255,.313,.375,.688,,,,,,,,,,,,
341,Andy Parrino\parrian01,2015-12-04,Chicago White Sox,OAK,30,-0.5,5,131,246,19,43,2,14,2,33,.175,.280,.244,.524,,,,,,,,,,,,
342,David Price\priceda01,2015-12-04,Boston Red Sox,TOR,30,13.0,8,15,37,0,2,0,0,0,2,.054,.103,.054,.157,104,56,3.09,1.132,218,213,0,1441.2,1261,129,371,1372
343,Eric Surkamp\surkaer01,2015-12-04,Oakland Athletics,LAD,28,-0.8,4,8,9,0,1,0,1,0,1,.111,.200,.111,.311,4,3,6.47,1.719,43,7,0,57.0,67,8,31,37
344,Josh Thole\tholejo01,2015-12-04,Toronto Blue Jays,TOR,29,-1.6,7,428,1218,92,303,8,104,2,122,.249,.319,.314,.634,,,,,,,,,,,,
345,Jacob Turner\turneja01,2015-12-04,Chicago White Sox,CHW,25,-0.3,4,50,72,1,7,0,0,0,1,.097,.110,.153,.262,11,25,4.97,1.467,61,51,0,298.2,331,35,107,192
346,Nori Aoki\aokino01,2015-12-03,Seattle Mariners,SFG,34,5.0,4,531,1963,266,563,24,156,81,171,.287,.353,.386,.740,,,,,,,,,,,,
347,Nick Buss\bussni01,2015-12-03,Los Angeles Angels of Anaheim,ARI,29,-0.3,1,8,19,0,2,0,0,0,1,.105,.150,.105,.255,,,,,,,,,,,,
348,Cole Figueroa\figueco01,2015-12-03,Pittsburgh Pirates,NYY,29,-0.1,2,25,51,8,12,0,6,0,4,.235,.281,.353,.634,,,,,,,,,,,,
349,Chris Heisey\heisech01,2015-12-03,Washington Nationals,LAD,31,1.6,6,576,1381,192,338,52,156,25,92,.245,.301,.418,.719,,,,,,,,,,,,
350,Jim Henderson\hendeji01,2015-12-03,New York Mets,MIL,33,0.7,3,107,0,0,0,0,0,0,0,,,,,8,9,3.44,1.225,111,0,31,102.0,84,12,41,137
351,Quintin Berry\berryqu01,2015-12-02,Los Angeles Angels of Anaheim,CHC,31,0.4,4,125,302,53,80,3,33,27,26,.265,.336,.368,.704,,,,,,,,,,,,
352,Thomas Field\fieldth01,2015-12-02,Detroit Tigers,TEX,29,-0.6,4,47,117,14,25,2,8,1,7,.214,.264,.274,.538,,,,,,,,,,,,
353,Chris Young\youngch04,2015-12-02,Boston Red Sox,NYY,32,1.7,10,1243,4151,592,977,169,528,133,458,.235,.314,.429,.743,,,,,,,,,,,,
354,Joba Chamberlain\chambjo03,2015-12-01,Cleveland Indians,KCR,30,0.2,9,21,6,0,0,0,0,0,1,.000,.143,.000,.143,25,21,3.87,1.388,365,43,7,535.1,528,56,215,528
355,Jhan Marinez\marinjh01,2015-12-01,Tampa Bay Rays,TBR,27,,2,4,0,0,0,0,0,0,0,,,,,1,1,3.38,1.875,6,0,0,5.1,5,1,5,4
356,Dustin McGowan\mcgowdu01,2015-12-01,Miami Marlins,PHI,34,0.0,8,24,17,1,2,0,0,0,0,.118,.118,.118,.235,26,29,4.68,1.408,172,69,1,505.2,493,58,219,413
357,Rafael Ortega\ortegra01,2015-12-01,Los Angeles Angels of Anaheim,STL,25,,1,2,4,0,2,0,0,1,1,.500,.667,.500,1.167,,,,,,,,,,,,
358,Felipe Paulino\paulife01,2015-12-01,Cleveland Indians,CHC,32,-1.0,8,,,,,,,,,,,,,,,,,,,,,,,,
359,Juan Centeno\centeju01,2015-11-30,Minnesota Twins,MIL,26,-0.6,3,24,61,1,10,0,3,0,5,.164,.227,.180,.408,,,,,,,,,,,,
360,Jim Johnson\johnsji04,2015-11-30,Atlanta Braves,LAD,33,-0.5,10,87,1,0,0,0,0,0,0,.000,.000,.000,.000,25,34,3.69,1.335,486,1,134,520.0,524,34,170,357
361,Pete Kozma\kozmape01,2015-11-30,New York Yankees,STL,28,-0.9,5,275,621,76,138,3,52,8,58,.222,.288,.293,.581,,,,,,,,,,,,
362,Diego Moreno\morendi01,2015-11-30,New York Yankees,NYY,28,0.0,1,0,0,0,0,0,0,0,0,,,,,1,0,5.23,1.161,4,0,0,10.1,9,1,3,8
363,Brayan Pena\penabr01,2015-11-30,St. Louis Cardinals,CIN,34,0.4,11,629,1794,136,466,23,164,6,104,.260,.300,.352,.651,,,,,,,,,,,,
364,Aaron Thompson\thompaa01,2015-11-30,Minnesota Twins,MIN,29,-0.1,3,10,0,0,0,0,0,0,1,,1.000,,,1,3,4.94,1.521,52,1,0,47.1,53,4,19,24
365,Jordan Zimmermann\zimmejo02,2015-11-30,Detroit Tigers,WSN,30,11.5,7,168,320,18,54,1,15,0,10,.169,.193,.197,.390,70,50,3.32,1.159,178,178,0,1094.0,1047,104,221,903
366,J.A. Happ\happja01,2015-11-27,Toronto Blue Jays,PIT,33,4.3,9,123,179,8,16,1,6,0,9,.089,.133,.117,.250,62,61,4.13,1.367,196,171,0,1012.2,985,122,399,859
367,Anthony Recker\reckean01,2015-11-27,Cleveland Indians,NYM,32,0.8,5,167,455,48,84,16,55,2,44,.185,.260,.334,.594,,,,,,,,,,,,
368,Pedro Beato\beatope01,2015-11-26,Baltimore Orioles,BAL,29,0.2,4,66,0,0,0,0,0,0,0,,,,,4,2,4.34,1.307,84,0,0,93.1,85,7,37,59
369,Ethan Martin\martiet01,2015-11-26,Atlanta Braves,PHI,27,-0.5,2,,,,,,,,,,,,,,,,,,,,,,,,
370,Alex Avila\avilaal01,2015-11-25,Chicago White Sox,DET,29,2.9,7,683,2084,246,504,66,282,7,325,.242,.345,.397,.742,,,,,,,,,,,,
371,Joe Benson\bensojo01,2015-11-25,Minnesota Twins,NYM,28,,4,,,,,,,,,,,,,,,,,,,,,,,,
372,Jake Brigham\brighja01,2015-11-25,Detroit Tigers,ATL,28,-0.5,1,12,1,0,0,0,0,0,0,.000,.000,.000,.000,0,1,8.64,2.160,12,0,0,16.2,28,1,8,12
373,Melky Mesa\mesame01,2015-11-25,Toronto Blue Jays,TOR,29,0.1,3,,,,,,,,,,,,,,,,,,,,,,,,
374,Adrian Nieto\nietoad01,2015-11-25,Miami Marlins,CHW,26,-0.2,1,,,,,,,,,,,,,,,,,,,,,,,,
375,Bud Norris\norribu01,2015-11-25,Atlanta Braves,SDP,31,2.3,7,129,177,8,26,0,11,0,4,.147,.168,.175,.344,56,68,4.44,1.401,196,166,0,988.2,997,126,388,910
376,JC Ramirez\ramirjc01,2015-11-25,Cincinnati Reds,SEA,27,-1.0,2,29,1,0,0,0,0,0,0,.000,.000,.000,.000,1,3,6.42,1.699,38,0,0,47.2,55,9,26,32
377,Todd Redmond\redmoto01,2015-11-25,Baltimore Orioles,TOR,31,0.8,4,7,5,1,0,0,0,0,1,.000,.167,.000,.167,5,8,4.25,1.337,67,16,1,171.1,167,22,62,151
378,Josh Rodriguez\rodrijo05,2015-11-25,Oakland Athletics,NYM,31,,4,,,,,,,,,,,,,,,,,,,,,,,,
379,Kyle Blanks\blankky01,2015-11-24,San Francisco Giants,TEX,29,1.6,7,278,827,110,199,33,111,6,83,.241,.322,.416,.738,,,,,,,,,,,,
380,Paul Clemens\clemepa02,2015-11-24,Miami Marlins,KCR,28,-1.1,2,4,0,0,0,0,0,0,0,,,,,4,8,5.51,1.520,48,5,0,98.0,110,21,39,65
381,Scott Diamond\diamosc01,2015-11-24,Toronto Blue Jays,TBR,29,-0.7,3,6,14,1,2,0,0,0,0,.143,.143,.143,.286,19,27,4.43,1.405,58,58,0,343.0,398,41,84,161
382,Stolmy Pimentel\pimenst01,2015-11-24,New York Mets,TEX,26,-0.3,3,24,6,0,0,0,0,0,0,.000,.000,.000,.000,2,2,4.39,1.350,33,0,0,53.1,51,6,21,54
383,Xavier Scruggs\scrugxa01,2015-11-24,Miami Marlins,STL,28,-0.2,2,26,57,5,14,0,9,1,2,.246,.295,.298,.593,,,,,,,,,,,,
384,Geovany Soto\sotoge01,2015-11-24,Los Angeles Angels of Anaheim,CHW,33,2.7,11,758,2402,292,590,101,343,3,301,.246,.331,.434,.765,,,,,,,,,,,,
385,Greg Burke\burkegr01,2015-11-23,Philadelphia Phillies,TOR,33,-1.3,6,,,,,,,,,,,,,,,,,,,,,,,,
386,Jermaine Curtis\curtije01,2015-11-23,Cincinnati Reds,CIN,28,0.0,2,,,,,,,,,,,,,,,,,,,,,,,,
387,Nick Evans\evansni01,2015-11-23,San Diego Padres,ARI,30,0.2,7,,,,,,,,,,,,,,,,,,,,,,,,
388,Grant Green\greengr01,2015-11-23,San Francisco Giants,LAA,28,-1.1,3,109,281,29,70,3,31,1,14,.249,.283,.335,.618,,,,,,,,,,,,
389,Chris Iannetta\iannech01,2015-11-23,Seattle Mariners,LAA,33,4.9,10,852,2553,332,590,100,378,11,433,.231,.351,.405,.756,,,,,,,,,,,,
390,Hernan Iribarren\iribahe01,2015-11-23,Cincinnati Reds,CIN,32,,2,24,27,2,5,0,2,0,2,.185,.241,.296,.538,,,,,,,,,,,,
391,Casey Kotchman\kotchca01,2015-11-23,Toronto Blue Jays,KCR,33,-0.7,11,,,,,,,,,,,,,,,,,,,,,,,,
392,Brandon Allen\allenbr01,2015-11-21,Cincinnati Reds,NYM,30,,6,,,,,,,,,,,,,,,,,,,,,,,,
393,Scott Sizemore\sizemsc01,2015-11-21,Washington Nationals,WSN,31,-0.2,5,,,,,,,,,,,,,,,,,,,,,,,,
394,David Adams\adamsda02,2015-11-20,Toronto Blue Jays,MIA,29,-0.2,2,,,,,,,,,,,,,,,,,,,,,,,,
395,Rich Hill\hillri01,2015-11-20,Oakland Athletics,BOS,36,0.6,11,71,114,1,14,0,6,0,2,.123,.138,.149,.287,26,23,4.54,1.350,201,74,0,500.0,443,60,232,487
396,Curtis Partch\partccu01,2015-11-20,Pittsburgh Pirates,SFG,29,-0.1,2,19,1,0,0,0,0,0,0,.000,.000,.000,.000,1,1,4.75,1.418,20,0,0,30.1,19,8,24,22
397,Blake Wood\woodbl01,2015-11-20,Cincinnati Reds,PIT,30,-0.1,4,7,1,0,0,0,0,0,0,.000,.000,.000,.000,6,7,4.39,1.488,115,0,1,127.0,125,11,64,101
398,Charlie Culberson\culbech01,2015-11-19,Los Angeles Dodgers,COL,27,-1.3,3,148,331,29,73,5,37,7,16,.221,.265,.314,.579,,,,,,,,,,,,
399,Adam Moore\mooread01,2015-11-19,Cleveland Indians,CLE,32,0.0,7,87,269,19,54,6,21,2,12,.201,.241,.309,.550,,,,,,,,,,,,
400,Dustin Richardson\richadu02,2015-11-19,Los Angeles Dodgers,LAD,32,,6,,,,,,,,,,,,,,,,,,,,,,,,
401,Matt West\westma03,2015-11-19,Los Angeles Dodgers,LAD,27,0.1,2,2,0,0,0,0,0,0,0,,,,,0,0,3.86,1.429,5,0,0,7.0,8,0,2,5
402,Emmanuel Burriss\burriem01,2015-11-18,Philadelphia Phillies,WSN,31,0.2,6,286,723,89,177,1,42,40,55,.245,.307,.271,.578,,,,,,,,,,,,
403,Kyle Drabek\drabeky01,2015-11-18,Arizona Diamondbacks,CHW,28,0.1,6,2,2,0,0,0,0,0,0,.000,.000,.000,.000,8,15,5.27,1.689,42,30,0,177.2,187,24,113,121
404,Eric Fryer\fryerer01,2015-11-18,St. Louis Cardinals,MIN,30,0.6,5,65,140,20,34,2,11,2,17,.243,.329,.336,.665,,,,,,,,,,,,
405,Frank Herrmann\herrmfr01,2015-11-18,Philadelphia Phillies,PIT,32,,3,6,1,0,0,0,0,0,0,.000,.000,.000,.000,4,1,4.26,1.330,95,0,1,120.1,131,14,29,72
406,Ryan Jackson\jacksry02,2015-11-18,Philadelphia Phillies,LAA,28,-0.7,3,42,33,2,2,0,0,0,2,.061,.114,.061,.175,,,,,,,,,,,,
407,Lucas Luetge\luetglu01,2015-11-18,Los Angeles Angels of Anaheim,SEA,29,-0.1,4,4,0,0,0,0,0,0,0,,,,,3,5,4.35,1.483,111,0,2,89.0,85,8,47,74
408,Daniel McCutchen\mccutda01,2015-11-18,San Diego Padres,SDP,33,-0.1,6,,,,,,,,,,,,,,,,,,,,,,,,
409,Jim Miller\milleji02,2015-11-18,Milwaukee Brewers,TBR,34,-0.4,7,,,,,,,,,,,,,,,,,,,,,,,,
410,Carlos Rivero\riverca02,2015-11-18,Arizona Diamondbacks,BOS,28,0.0,1,,,,,,,,,,,,,,,,,,,,,,,,
411,Brian Schlitter\schlibr01,2015-11-18,Colorado Rockies,CHC,30,-0.2,3,74,1,0,1,0,0,0,0,1.000,1.000,1.000,2.000,3,6,5.40,1.591,78,0,0,71.2,88,6,26,42
412,Roman Colon\colonro01,2015-11-17,Kansas City Royals,KCR,36,,11,,,,,,,,,,,,,,,,,,,,,,,,
413,Johnny Hellweg\hellwjo01,2015-11-17,San Diego Padres,MIL,27,-1.4,2,,,,,,,,,,,,,,,,,,,,,,,,
414,Cliff Pennington\pennicl01,2015-11-17,Los Angeles Angels of Anaheim,TOR,32,3.5,8,794,2404,282,589,30,211,80,232,.245,.313,.344,.657,,,,,,,,,,,,
415,Logan Schafer\schaflo01,2015-11-17,Washington Nationals,MIL,29,-0.2,5,292,562,63,119,5,52,10,54,.212,.286,.319,.605,,,,,,,,,,,,
416,Brandon Snyder\snydebr03,2015-11-17,Atlanta Braves,BAL,29,-0.4,4,83,148,19,36,5,20,0,6,.243,.287,.399,.685,,,,,,,,,,,,
417,Reed Johnson\johnsre02,2015-11-16,Washington Nationals,WSN,39,-0.9,13,1320,3630,518,1014,65,408,41,181,.279,.335,.405,.740,,,,,,,,,,,,
418,Hernan Perez\perezhe01,2015-11-16,Milwaukee Brewers,MIL,25,-0.8,4,156,336,29,79,1,26,6,8,.235,.251,.307,.558,,,,,,,,,,,,
419,Ricky Romero\romerri01,2015-11-16,San Francisco Giants,SFG,31,-0.4,6,,,,,,,,,,,,,,,,,,,,,,,,
420,Drew Rucinski\rucindr01,2015-11-16,Chicago Cubs,LAA,27,-0.2,2,2,0,0,0,0,0,0,0,,,,,0,2,6.28,1.884,7,1,0,14.1,19,1,8,12
421,Steven Tolleson\tollest01,2015-11-16,Baltimore Orioles,TOR,32,1.5,4,181,331,39,81,6,29,6,24,.245,.299,.372,.670,,,,,,,,,,,,
422,Chris Smith\smithch08,2015-11-15,Oakland Athletics,SDP,35,,3,36,2,0,0,0,0,0,1,.000,.333,.000,.333,1,0,5.19,1.330,50,0,0,67.2,63,17,27,52
423,Brett Anderson\anderbr04,2015-11-13,Los Angeles Dodgers,LAD,28,1.9,7,41,65,1,6,0,4,0,5,.092,.157,.138,.296,37,41,3.72,1.298,123,112,3,674.1,696,59,179,502
424,J.C. Boscan\boscajc01,2015-11-13,Kansas City Royals,KCR,36,0.0,5,,,,,,,,,,,,,,,,,,,,,,,,
425,Marco Estrada\estrama01,2015-11-13,Toronto Blue Jays,TOR,32,5.9,8,145,125,4,19,0,7,0,7,.152,.197,.184,.381,36,34,3.95,1.150,188,99,0,722.0,629,109,201,639
426,Michael Martinez\martimi02,2015-11-13,Cleveland Indians,CLE,33,-0.9,5,204,433,49,81,5,38,4,28,.187,.235,.256,.492,,,,,,,,,,,,
427,Colby Rasmus\rasmuco01,2015-11-13,Houston Astros,HOU,29,8.8,7,930,3169,476,775,141,413,30,309,.245,.313,.443,.756,,,,,,,,,,,,
428,Matt Wieters\wietema01,2015-11-13,Baltimore Orioles,BAL,30,2.8,7,758,2711,307,699,100,371,6,253,.258,.320,.423,.743,,,,,,,,,,,,
429,Carson Blair\blairca01,2015-11-12,Oakland Athletics,OAK,26,-0.4,1,11,31,3,4,1,3,0,4,.129,.229,.226,.454,,,,,,,,,,,,
430,A.J. Pierzynski\pierza.01,2015-11-12,Atlanta Braves,ATL,39,2.6,18,1978,7043,792,1989,186,886,14,302,.282,.321,.424,.745,,,,,,,,,,,,
431,James Russell\russeja02,2015-11-12,Philadelphia Phillies,CHC,30,0.8,6,366,16,0,1,0,0,0,0,.063,.063,.063,.125,10,18,3.90,1.290,387,6,4,330.1,331,41,95,239
432,Franklin Gutierrez\gutiefr01,2015-11-11,Seattle Mariners,SEA,33,2.6,10,821,2728,353,704,82,314,77,192,.258,.309,.405,.715,,,,,,,,,,,,
433,Matt Tuiasosopo\tuiasma01,2015-11-10,Atlanta Braves,CHW,30,0.6,4,152,357,41,74,12,45,0,38,.207,.290,.356,.646,,,,,,,,,,,,
434,Jackson Williams\willija01,2015-11-10,Colorado Rockies,SFG,30,0.1,2,14,24,2,5,1,4,1,6,.208,.367,.375,.742,,,,,,,,,,,,
435,Dusty Coleman\colemdu01,2015-11-09,Kansas City Royals,KCR,29,-0.2,1,4,5,0,0,0,0,0,0,.000,.000,.000,.000,,,,,,,,,,,,
436,Ryan Reid\reidry01,2015-11-09,Miami Marlins,MIA,31,0.2,2,,,,,,,,,,,,,,,,,,,,,,,,
437,Ryan Lollis\lolliry01,2015-11-07,San Francisco Giants,SFG,29,0.0,1,5,12,0,2,0,0,1,1,.167,.231,.167,.397,,,,,,,,,,,,
438,Reid Brignac\brignre01,2015-11-05,Atlanta Braves,MIA,30,-2.0,8,356,857,80,188,12,83,9,51,.219,.266,.310,.576,,,,,,,,,,,,
439,Chase d'Arnaud\darnach01,2015-11-05,Atlanta Braves,PHI,29,-0.2,4,75,166,23,34,0,7,13,5,.205,.231,.277,.508,,,,,,,,,,,,
440,Angel Castro\castran01,2015-11-04,Oakland Athletics,OAK,33,0.1,1,1,0,0,0,0,0,0,0,,,,,0,1,2.25,2.750,5,0,0,4.0,8,1,3,4
441,Adam Loewen\loewead01,2015-10-30,Arizona Diamondbacks,PHI,32,-0.3,5,34,37,4,7,1,4,0,3,.189,.286,.297,.583,9,8,5.55,1.669,55,29,0,183.1,183,17,123,156
442,Gonzalez Germen\germego01,2015-10-28,Colorado Rockies,COL,28,0.3,3,85,3,0,0,0,0,0,0,.000,.000,.000,.000,1,2,4.35,1.539,89,1,2,103.1,103,12,56,97
443,Brett Hayes\hayesbr01,2015-10-26,Arizona Diamondbacks,CLE,32,-0.8,7,189,434,46,89,13,37,1,25,.205,.250,.359,.609,,,,,,,,,,,,
444,Steve Lombardozzi\lombast02,2015-10-26,Chicago White Sox,PIT,27,-1.3,5,289,788,75,207,5,52,10,29,.263,.294,.336,.631,,,,,,,,,,,,
445,Gorkys Hernandez\hernago01,2015-10-23,San Francisco Giants,PIT,28,-0.1,2,78,161,18,30,3,13,8,13,.186,.260,.292,.552,,,,,,,,,,,,
446,Cesar Cabral\cabrace01,2015-10-22,Baltimore Orioles,BAL,27,-0.1,3,0,0,0,0,0,0,0,0,,,,,0,0,6.35,1.941,14,0,0,5.2,7,0,4,9